"datetime","date","account_type","category","type","asset_class","name","symbol","shares","price","amount","fee","tax","currency","original_amount","original_currency","fx_rate","description","transaction_id","counterparty_name","counterparty_iban","payment_reference","mcc_code"
"2025-01-02T16:01:19.728666Z","2025-01-02","DEFAULT","CASH","CUSTOMER_INBOUND","","PILLON ERIK","","","","10000.000000","","","EUR","","","","Account opening TR","d94299b1-4b4c-44c1-9024-ffd2bfa16208","PILLON ERIK","LU780019545510728000","",""
"2025-01-06T16:37:37.109Z","2025-01-06","DEFAULT","TRADING","BUY","FUND","Core S&P 500 USD (Acc)","IE00B5BMR087","0.3257960000","613.880000","-200.00","-1.00","","EUR","","","","Buy trade IE00B5BMR087 iShares VII plc - iShares Core S&P 500 UCITS ETF USD (Acc), quantity: 0.325796","2586299c-0c2b-4db5-b59c-cd2f6d865b81","","","",""
"2025-01-06T16:38:47.907Z","2025-01-06","DEFAULT","TRADING","BUY","FUND","Core MSCI World USD (Acc)","IE00B4L5Y983","1.8892870000","105.865000","-200.01","-1.00","","EUR","","","","Buy trade IE00B4L5Y983 iShares III plc - iShares Core MSCI World UCITS ETF USD (Acc), quantity: 1.889287","41e01824-2df3-495a-a99b-ef3a0d0442ab","","","",""
"2025-01-06T16:39:49.756Z","2025-01-06","DEFAULT","TRADING","BUY","STOCK","Apple","US0378331005","0.8447720000","236.750000","-200.00","-1.00","","EUR","","","","Buy trade US0378331005 APPLE INC., quantity: 0.844772","cecfe6f2-8601-4695-8aa5-a102cb0c85ee","","","",""
"2025-01-07T16:10:30.070Z","2025-01-07","DEFAULT","TRADING","BUY","STOCK","Tesla","US88160R1014","0.0247000000","384.500000","-9.50","","","EUR","","","","Buy trade US88160R1014 TESLA INC. DL -,001, quantity: 0.0247","cb47a152-f54e-461d-b227-e3fb30006e3c","","","",""
"2025-01-07T16:10:37.731572Z","2025-01-07","DEFAULT","CASH","STOCKPERK","STOCK","Tesla","US88160R1014","","","9.500000","","","EUR","","","","Stockperk","78950561-10a5-43dd-9af0-d7e40f8368c5","","","",""
"2025-01-29T20:45:36.216Z","2025-01-29","DEFAULT","TRADING","BUY","FUND","Euro Overnight Rate Swap EUR (Dist)","LU0335044896","0.9278530000","127.296000","-118.11","","","EUR","","","","Buy trade LU0335044896 Xtrackers II - Xtrackers II EUR Overnight Rate Swap UCITS ETF 1D, quantity: 0.927853","12fcf7a3-7e16-4206-90a1-db2c9dbf8a60","","","",""
"2025-01-29T20:45:36.227Z","2025-01-29","DEFAULT","TRADING","BUY","FUND","Euro Overnight Rate Swap EUR (Dist)","LU0335044896","3.0000000000","127.296000","-381.89","-1.00","","EUR","","","","Buy trade LU0335044896 Xtrackers II - Xtrackers II EUR Overnight Rate Swap UCITS ETF 1D, quantity: 3","44f9df9e-3c5e-4d8d-9942-34d2422ea6be","","","",""
"2025-01-29T20:49:36.138Z","2025-01-29","DEFAULT","TRADING","BUY","FUND","Euro Overnight Rate Swap EUR (Dist)","LU0335044896","3.0000000000","127.296000","-381.89","-1.00","","EUR","","","","Buy trade LU0335044896 Xtrackers II - Xtrackers II EUR Overnight Rate Swap UCITS ETF 1D, quantity: 3","73ca803a-945f-4b71-be6e-d5798f29cac6","","","",""
"2025-01-29T20:49:36.138Z","2025-01-29","DEFAULT","TRADING","BUY","FUND","Euro Overnight Rate Swap EUR (Dist)","LU0335044896","0.9278530000","127.296000","-118.11","","","EUR","","","","Buy trade LU0335044896 Xtrackers II - Xtrackers II EUR Overnight Rate Swap UCITS ETF 1D, quantity: 0.927853","8d24bdbc-ad41-4e66-b487-8461a55fdbca","","","",""
"2025-02-01T15:12:56.095981Z","2025-02-01","DEFAULT","CASH","MANUAL_CASH_TRANSFER","","","","","","19.830000","","","EUR","","","","Interest payment Booking","56251ed4-6a95-47a1-94f0-0d33703947e9","","","",""
"2025-02-01T12:21:06.124566Z","2025-02-01","DEFAULT","CASH","INTEREST_PAYMENT","","","","","","19.830000","","","EUR","","","","Interest payment Booking","9beec051-eb53-40df-afd3-8f0319fdcb4f","","","",""
"2025-02-03T14:59:57.206Z","2025-02-03","DEFAULT","TRADING","BUY","FUND","Core S&P 500 USD (Acc)","IE00B5BMR087","0.8116610000","616.020000","-500.00","","","EUR","","","","Savings plan execution IE00B5BMR087 iShares VII plc - iShares Core S&P 500 UCITS ETF USD (Acc), quantity: 0.811661","d327e781-efc7-43a5-a19d-b31dffe0a10a","","","",""
"2025-02-03T15:52:50.477Z","2025-02-03","DEFAULT","TRADING","BUY","FUND","FTSE All-World USD (Acc)","IE00BK5BQT80","3.6318730000","137.670000","-500.00","","","EUR","","","","Savings plan execution IE00BK5BQT80 Vanguard Funds PLC - Vanguard FTSE All-World UCITS ETF (USD) Accumulating, quantity: 3.631873","81d49940-d23e-4c45-9b11-46e0a2b2a52b","","","",""
"2025-02-04T10:30:53.795256Z","2025-02-04","DEFAULT","CASH","CUSTOMER_INBOUND","","PILLON ERIK","","","","500.000000","","","EUR","","","","Accumulation plan","6d1e333a-06a2-4048-a925-d87f16e64710","PILLON ERIK","LU780019545510728000","",""
"2025-02-13T13:40:21.734978Z","2025-02-13","DEFAULT","CASH","DIVIDEND","STOCK","Apple","US0378331005","0.8447720000","","0.200000","","-0.03","EUR","0.21","USD","0.964320","Cash Dividend for ISIN US0378331005","60009a62-9344-489a-a768-06cc6c44cf7b","","","",""
"2025-02-17T16:08:06.922Z","2025-02-17","DEFAULT","TRADING","BUY","FUND","Global Water USD (Dist)","IE00B1TXK627","1.5767890000","63.420000","-100.00","","","EUR","","","","Savings plan execution IE00B1TXK627 iShares II plc - iShares Global Water UCITS ETF USD (Dist), quantity: 1.576789","c966e299-ca6e-443e-990d-c9252a2d0bd1","","","",""
"2025-03-01T08:29:21.724773Z","2025-03-01","DEFAULT","CASH","INTEREST_PAYMENT","","","","","","16.910000","","","EUR","","","","Interest payment Booking","0544c392-ce4c-4639-a97e-a2f9fad8fb6e","","","",""
"2025-03-03T15:07:48.626Z","2025-03-03","DEFAULT","TRADING","BUY","FUND","Core S&P 500 USD (Acc)","IE00B5BMR087","0.8294900000","602.780000","-500.00","","","EUR","","","","Savings plan execution IE00B5BMR087 iShares VII plc - iShares Core S&P 500 UCITS ETF USD (Acc), quantity: 0.829490","967fea0f-f0c0-475b-bcb4-e3516c38684c","","","",""
"2025-03-04T10:37:12.198064Z","2025-03-04","DEFAULT","CASH","CUSTOMER_INBOUND","","PILLON ERIK","","","","500.000000","","","EUR","","","","Accumulation plan","9304ec8f-4c78-46e2-9ad3-4e8a9f72afa4","PILLON ERIK","LU780019545510728000","",""
"2025-03-06T09:44:39.088265Z","2025-03-06","DEFAULT","CASH","DIVIDEND","FUND","Euro Overnight Rate Swap EUR (Dist)","LU0335044896","7.8557060000","","7.420000","","","EUR","","","","Cash Dividend for ISIN LU0335044896","d5954d2a-3226-43ef-ac7c-318f73611438","","","",""
"2025-03-06T10:09:16.716Z","2025-03-06","DEFAULT","TRADING","BUY","BOND","Dez. 2028","IT0005340929","495.8300000000","1.000800","-500.00","-1.00","","EUR","","","","Buy trade IT0005340929 B.T.P. 18-28, quantity: 495.83","7efd4071-0e4f-4e51-878f-0dbf588157b3","","","",""
"2025-03-06T10:14:09.318Z","2025-03-06","DEFAULT","TRADING","BUY","BOND","Juli 2030","XS2648489388","485.6000000000","1.021630","-500.02","-1.00","","EUR","","","","Buy trade XS2648489388 AVISDGET FIN 23/30 REGS, quantity: 485.6","4165ae5f-3708-4995-9bb7-f9b3b0546294","","","",""
"2025-03-13T12:22:43.816Z","2025-03-13","DEFAULT","TRADING","BUY","BOND","Sept. 2043","IT0005530032","2000.0000000000","1.000900","-2005.67","-1.00","","EUR","","","","Buy trade IT0005530032 ITALIEN 23/43, quantity: 2000.0","270ef2f5-7631-4914-9715-926ac60a0396","","","",""
"2025-03-13T12:22:43.821Z","2025-03-13","DEFAULT","TRADING","BUY","BOND","Sept. 2043","IT0005530032","492.9300000000","1.000900","-494.33","","","EUR","","","","Buy trade IT0005530032 ITALIEN 23/43, quantity: 492.93","4e8a1746-ec62-40a4-b46e-b037d103ef90","","","",""
"2025-03-17T16:25:27.464Z","2025-03-17","DEFAULT","TRADING","BUY","FUND","Global Water USD (Dist)","IE00B1TXK627","1.6207450000","61.700000","-100.00","","","EUR","","","","Savings plan execution IE00B1TXK627 iShares II plc - iShares Global Water UCITS ETF USD (Dist), quantity: 1.620745","35c8fb33-006b-4a24-a8ef-9783e36f7717","","","",""
"2025-04-01T05:43:31.590073Z","2025-04-01","DEFAULT","CASH","INTEREST_PAYMENT","","","","","","12.050000","","","EUR","","","","Interest payment Booking","02e2451e-dbe1-47e7-9906-0c674703ada3","","","",""
"2025-04-02T14:03:18.351Z","2025-04-02","DEFAULT","TRADING","BUY","FUND","Core S&P 500 USD (Acc)","IE00B5BMR087","0.9078030000","550.780000","-500.00","","","EUR","","","","Savings plan execution IE00B5BMR087 iShares VII plc - iShares Core S&P 500 UCITS ETF USD (Acc), quantity: 0.907803","9de78db4-552e-4bf3-a4dd-51bd9d036769","","","",""
"2025-04-04T10:03:50.051786Z","2025-04-04","DEFAULT","CASH","CUSTOMER_INBOUND","","PILLON ERIK","","","","500.000000","","","EUR","","","","Accumulation plan","c973fc58-8f1a-4545-b5d4-6896ac2934c8","PILLON ERIK","LU780019545510728000","",""
"2025-04-04T10:32:00.655Z","2025-04-04","DEFAULT","TRADING","BUY","STOCK","Nasdaq","US6311031081","15.2439020000","65.620000","-1000.30","-1.00","","EUR","","","","Buy trade US6311031081 NASDAQ INC.       DL -,01, quantity: 15.243902","98be2071-46ba-462a-8792-0e2a96e43f7a","","","",""
"2025-04-11T15:14:25.615935Z","2025-04-11","DEFAULT","CASH","CUSTOMER_INBOUND","","PILLON ERIK","","","","300.000000","","","EUR","","","","Bonus","11e36715-867b-4026-a56f-b8d8a536bb7d","PILLON ERIK","LU780019545510728000","",""
"2025-04-15T14:29:24.342406Z","2025-04-15","DEFAULT","CASH","CUSTOMER_INBOUND","","PILLON ERIK","","","","3500.000000","","","EUR","","","","Saving account","e574e3ab-4172-4b15-987d-a8a17a2aaf9c","PILLON ERIK","LU780019545510728000","",""
"2025-04-16T15:27:17.899Z","2025-04-16","DEFAULT","TRADING","BUY","FUND","Global Water USD (Dist)","IE00B1TXK627","1.7173270000","58.230000","-100.00","","","EUR","","","","Savings plan execution IE00B1TXK627 iShares II plc - iShares Global Water UCITS ETF USD (Dist), quantity: 1.717327","7b3cfe38-90a0-48f8-8c48-8e178d59bef5","","","",""
"2025-04-22T16:44:24.769554Z","2025-04-22","DEFAULT","CASH","CUSTOMER_INBOUND","","PILLON ERIK","","","","420.000000","","","EUR","","","","Taxes retribution","704866c4-934e-498b-91da-3d24d974fd19","PILLON ERIK","LU780019545510728000","",""
"2025-04-23T07:24:50.658Z","2025-04-23","DEFAULT","TRADING","BUY","BOND","Jan. 2029","XS2282095970","1000.0000000000","0.910700","-912.11","-1.00","","EUR","","","","Buy trade XS2282095970 VOLKSWAGEN LEASING 21/29, quantity: 1000","b35b6d18-e49f-4cf1-8361-cc668b01c553","","","",""
"2025-05-01T04:05:50.618113Z","2025-05-01","DEFAULT","CASH","INTEREST_PAYMENT","","","","","","10.400000","","","EUR","","","","Interest payment Booking","6d6a934e-7b38-4b07-b8e1-0ce0da3f94c5","","","",""
"2025-05-02T07:25:29.670Z","2025-05-02","DEFAULT","TRADING","BUY","STOCK","Apple","US0378331005","0.2725380000","183.460000","-50.00","","","EUR","","","","Savings plan execution US0378331005 APPLE INC., quantity: 0.272538","bd542ddb-2362-48e1-9a20-254b67131e6a","","","",""
"2025-05-02T13:52:46.495Z","2025-05-02","DEFAULT","TRADING","BUY","STOCK","Alphabet (C)","US02079K1079","0.3463080000","144.380000","-50.00","","","EUR","","","","Savings plan execution US02079K1079 ALPHABET INC.CL C DL-,001, quantity: 0.346308","d439f339-4d2b-4ac1-bb82-779a0e93bf45","","","",""
"2025-05-02T13:59:09.507Z","2025-05-02","DEFAULT","TRADING","BUY","FUND","Core S&P 500 USD (Acc)","IE00B5BMR087","0.9456800000","528.720000","-500.00","","","EUR","","","","Savings plan execution IE00B5BMR087 iShares VII plc - iShares Core S&P 500 UCITS ETF USD (Acc), quantity: 0.945680","fed19315-6901-4104-b47e-51fa75488030","","","",""
"2025-05-02T14:42:55.042Z","2025-05-02","DEFAULT","TRADING","BUY","FUND","FTSE All-World USD (Acc)","IE00BK5BQT80","4.0329080000","123.980000","-500.00","","","EUR","","","","Savings plan execution IE00BK5BQT80 Vanguard Funds PLC - Vanguard FTSE All-World UCITS ETF (USD) Accumulating, quantity: 4.032908","849980c1-17c4-4091-b5ed-1d2b460eeacc","","","",""
"2025-05-02T14:45:11.801Z","2025-05-02","DEFAULT","TRADING","BUY","STOCK","Nasdaq","US6311031081","0.7330300000","68.210000","-50.00","","","EUR","","","","Savings plan execution US6311031081 NASDAQ INC.       DL -,01, quantity: 0.733030","c38ba252-c2be-486d-82e7-01921c5565c0","","","",""
"2025-05-05T09:58:27.262947Z","2025-05-05","DEFAULT","CASH","CUSTOMER_INBOUND","","PILLON ERIK","","","","500.000000","","","EUR","","","","Accumulation plan","b5527ad7-da35-4224-9c19-9f3668bb9d16","PILLON ERIK","LU780019545510728000","",""
"2025-05-09T14:37:21.424Z","2025-05-09","DEFAULT","TRADING","BUY","STOCK","Nasdaq","US6311031081","0.7131650000","70.110000","-50.00","","","EUR","","","","Savings plan execution US6311031081 NASDAQ INC.       DL -,01, quantity: 0.713165","cddda853-7dec-4269-9c42-b85a02ca1905","","","",""
"2025-05-15T08:42:35.745551Z","2025-05-15","DEFAULT","CASH","DIVIDEND","STOCK","Apple","US0378331005","1.1173100000","","0.260000","","-0.04","EUR","0.29","USD","0.891742","Cash Dividend for ISIN US0378331005","7b351a8f-993e-4111-a8bb-1e80da8cecc9","","","",""
"2025-05-16T07:23:11.313Z","2025-05-16","DEFAULT","TRADING","BUY","STOCK","Apple","US0378331005","0.2649980000","188.680000","-50.00","","","EUR","","","","Savings plan execution US0378331005 APPLE INC., quantity: 0.264998","826b2991-2809-4dbf-b4ba-f40c290dd614","","","",""
"2025-05-16T14:40:46.282Z","2025-05-16","DEFAULT","TRADING","BUY","STOCK","Nasdaq","US6311031081","0.6854000000","72.950000","-50.00","","","EUR","","","","Savings plan execution US6311031081 NASDAQ INC.       DL -,01, quantity: 0.685400","65201272-a45e-4d88-97c3-cd116bc97835","","","",""
"2025-05-16T19:07:11.508Z","2025-05-16","DEFAULT","TRADING","BUY","FUND","Global Water USD (Dist)","IE00B1TXK627","1.5762920000","63.440000","-100.00","","","EUR","","","","Savings plan execution IE00B1TXK627 iShares II plc - iShares Global Water UCITS ETF USD (Dist), quantity: 1.576292","66b8a114-797f-4433-acc5-c72fa10fc4c2","","","",""
"2025-05-23T14:38:35.003Z","2025-05-23","DEFAULT","TRADING","BUY","STOCK","Nasdaq","US6311031081","0.6966690000","71.770000","-50.00","","","EUR","","","","Savings plan execution US6311031081 NASDAQ INC.       DL -,01, quantity: 0.696669","f80bdf80-1d9f-4635-8995-51ad93ed190b","","","",""
"2025-05-29T12:26:48.857550Z","2025-05-29","DEFAULT","CASH","DIVIDEND","FUND","Global Water USD (Dist)","IE00B1TXK627","4.9148610000","","2.010000","","","EUR","2.27","USD","0.883626","Cash Dividend for ISIN IE00B1TXK627","12ca1aa9-8c42-4e86-ab7e-012e9fd20157","","","",""
"2025-06-01T07:50:10.414060Z","2025-06-01","DEFAULT","CASH","INTEREST_PAYMENT","","","","","","10.800000","","","EUR","","","","Interest payment Booking","17bbd0e5-c266-4238-8efe-83e0b05b8297","","","",""
"2025-06-02T08:25:29.371Z","2025-06-02","DEFAULT","TRADING","BUY","STOCK","Apple","US0378331005","0.2862370000","174.680000","-50.00","","","EUR","","","","Savings plan execution US0378331005 APPLE INC., quantity: 0.286237","d6bb70d9-96be-4919-ab79-ef098a3a7d01","","","",""
"2025-06-02T14:07:15.022Z","2025-06-02","DEFAULT","TRADING","BUY","STOCK","Alphabet (C)","US02079K1079","0.3354350000","149.060000","-50.00","","","EUR","","","","Savings plan execution US02079K1079 ALPHABET INC.CL.C DL-,001, quantity: 0.335435","7a7d8f60-cc6d-4b6f-8482-c25b8164ba81","","","",""
"2025-06-02T14:25:20.130Z","2025-06-02","DEFAULT","TRADING","BUY","FUND","Core S&P 500 USD (Acc)","IE00B5BMR087","0.9113110000","548.660000","-500.00","","","EUR","","","","Savings plan execution IE00B5BMR087 iShares VII plc - iShares Core S&P 500 UCITS ETF USD (Acc), quantity: 0.911311","d01dbb28-cacb-4f06-97ce-74b7db7b656d","","","",""
"2025-06-02T15:27:01.703Z","2025-06-02","DEFAULT","TRADING","BUY","STOCK","Nasdaq","US6311031081","0.6869070000","72.790000","-50.00","","","EUR","","","","Savings plan execution US6311031081 NASDAQ INC.       DL -,01, quantity: 0.686907","380b3b93-fe68-4fc2-8b5a-ac7cb1044a27","","","",""
"2025-06-02T17:45:32.650713Z","2025-06-02","DEFAULT","CASH","INTEREST_PAYMENT","BOND","Dez. 2028","IT0005340929","","","6.940000","","-0.87","EUR","","","","Interest Payment for ISIN IT0005340929","059cd55c-d362-4eff-a9e8-a68fe97bf266","","","",""
"2025-06-04T09:40:52.772786Z","2025-06-04","DEFAULT","CASH","CUSTOMER_INBOUND","","PILLON ERIK","","","","500.000000","","","EUR","","","","Accumulation plan","e1fcf276-29d3-4280-9ea8-80eb45def1ba","PILLON ERIK","LU780019545510728000","",""
"2025-06-05T13:43:44.645997Z","2025-06-05","DEFAULT","CASH","DIVIDEND","FUND","Euro Overnight Rate Swap EUR (Dist)","LU0335044896","7.8557060000","","6.380000","","","EUR","","","","Cash Dividend for ISIN LU0335044896","ac5292e8-0605-4e27-b542-c4fa6e0d4b90","","","",""
"2025-06-09T14:39:28.382Z","2025-06-09","DEFAULT","TRADING","BUY","STOCK","Nasdaq","US6311031081","0.6692540000","74.710000","-50.00","","","EUR","","","","Savings plan execution US6311031081 NASDAQ INC.       DL -,01, quantity: 0.669254","47d3d4a7-e5c7-4061-a363-92c4a9f8abdc","","","",""
"2025-06-16T07:23:49.323Z","2025-06-16","DEFAULT","TRADING","BUY","STOCK","Apple","US0378331005","0.2928420000","170.740000","-50.00","","","EUR","","","","Savings plan execution US0378331005 APPLE INC., quantity: 0.292842","f0b3d31b-ffea-4e6e-ae82-82d38f3ea1da","","","",""
"2025-06-16T10:42:25.232259Z","2025-06-16","DEFAULT","CASH","DIVIDEND","STOCK","Alphabet (C)","US02079K1079","0.6817430000","","0.120000","","-0.02","EUR","0.14","USD","0.868659","Cash Dividend for ISIN US02079K1079","5e28dccb-dfca-4c0b-9bc9-5d797dba39a2","","","",""
"2025-06-16T14:40:39.331Z","2025-06-16","DEFAULT","TRADING","BUY","STOCK","Nasdaq","US6311031081","0.6707800000","74.540000","-50.00","","","EUR","","","","Savings plan execution US6311031081 NASDAQ INC.       DL -,01, quantity: 0.670780","17157529-39fb-4685-a0aa-6410b21be2d2","","","",""
"2025-06-16T14:58:08.191Z","2025-06-16","DEFAULT","TRADING","BUY","FUND","Global Water USD (Dist)","IE00B1TXK627","1.5954050000","62.680000","-100.00","","","EUR","","","","Savings plan execution IE00B1TXK627 iShares II plc - iShares Global Water UCITS ETF USD (Dist), quantity: 1.595405","e5b2f56c-1b99-4c78-b31f-aba92efff1fa","","","",""
"2025-06-23T14:37:21.666Z","2025-06-23","DEFAULT","TRADING","BUY","STOCK","Nasdaq","US6311031081","0.6620760000","75.520000","-50.00","","","EUR","","","","Savings plan execution US6311031081 NASDAQ INC.       DL -,01, quantity: 0.662076","3c3641f0-82d5-423b-b4e2-5ea3a5429bb0","","","",""
"2025-06-27T13:19:49.614310Z","2025-06-27","DEFAULT","CASH","DIVIDEND","STOCK","Nasdaq","US6311031081","19.4283270000","","4.490000","","-0.68","EUR","5.25","USD","0.855066","Cash Dividend for ISIN US6311031081","1fdfd440-2549-418e-9a94-9a176ef29841","","","",""
"2025-07-01T08:17:47.777687Z","2025-07-01","DEFAULT","CASH","INTEREST_PAYMENT","","","","","","8.960000","","","EUR","","","","Interest payment for payout collection 1827802c-b6c6-488d-816e-94bab9ea43e9","ab118e87-016c-41da-a947-0a90248444d7","","","",""
"2025-07-02T07:24:45.540Z","2025-07-02","DEFAULT","TRADING","BUY","STOCK","Apple","US0378331005","0.2808980000","178.000000","-50.00","","","EUR","","","","Savings plan execution US0378331005 APPLE INC., quantity: 0.280898","281c82c7-1bee-4aed-846d-469b6cfaeeb6","","","",""
"2025-07-02T14:01:55.601Z","2025-07-02","DEFAULT","TRADING","BUY","STOCK","Alphabet (C)","US02079K1079","0.3320930000","150.560000","-50.00","","","EUR","","","","Savings plan execution US02079K1079 ALPHABET INC.CL.C DL-,001, quantity: 0.332093","f079f697-0b4c-48e2-aa45-91e86010d4cc","","","",""
"2025-07-02T14:02:32.149Z","2025-07-02","DEFAULT","TRADING","BUY","FUND","Core S&P 500 USD (Acc)","IE00B5BMR087","0.8898380000","561.900000","-500.00","","","EUR","","","","Savings plan execution IE00B5BMR087 iShares VII plc - iShares Core S&P 500 UCITS ETF USD (Acc), quantity: 0.889838","066a086d-242c-41eb-9788-de73cd6aeb91","","","",""
"2025-07-02T16:02:28.972Z","2025-07-02","DEFAULT","TRADING","BUY","STOCK","Nasdaq","US6311031081","0.6576350000","76.030000","-50.00","","","EUR","","","","Savings plan execution US6311031081 NASDAQ INC.       DL -,01, quantity: 0.657635","62dac1be-d965-4bb6-9ddb-08c07f1f8e35","","","",""
"2025-07-04T09:37:32.004803Z","2025-07-04","DEFAULT","CASH","CUSTOMER_INBOUND","","PILLON ERIK","","","","500.000000","","","EUR","","","","Accumulation plan","9e78999d-b13f-4726-be02-02f9ef4402a1","PILLON ERIK","LU780019545510728000","",""
"2025-07-09T14:38:27.980Z","2025-07-09","DEFAULT","TRADING","BUY","STOCK","Nasdaq","US6311031081","0.6547930000","76.360000","-50.00","","","EUR","","","","Savings plan execution US6311031081 NASDAQ INC.       DL -,01, quantity: 0.654793","1e4c4c1b-6070-4302-8690-e2feea3bc694","","","",""
"2025-07-15T10:29:34.356Z","2025-07-15","DEFAULT","TRADING","BUY","BOND","Aug. 2035","IT0005631590","427.8000000000","1.013000","-440.52","","","EUR","","","","Buy trade IT0005631590 ITALIEN 25/35, quantity: 427.8","a16d40c3-c62e-47d0-b8b8-001c10672bb0","","","",""
"2025-07-15T10:29:34.374Z","2025-07-15","DEFAULT","TRADING","BUY","BOND","Aug. 2035","IT0005631590","2000.0000000000","1.013000","-2059.48","-1.00","","EUR","","","","Buy trade IT0005631590 ITALIEN 25/35, quantity: 2000.0","04f39a6d-a2b3-4d9a-9eee-fedbc5d4b45a","","","",""
"2025-07-15T10:33:28.795Z","2025-07-15","DEFAULT","TRADING","BUY","BOND","Juni 2030","XS3091660194","997.1100000000","0.996190","-1000.00","-1.00","","EUR","","","","Buy trade XS3091660194 ZF EUROPE FI 25/30, quantity: 997.11","c469334f-a9f8-42e0-8329-86021012f689","","","",""
"2025-07-16T07:25:29.313Z","2025-07-16","DEFAULT","TRADING","BUY","STOCK","Apple","US0378331005","0.2774380000","180.220000","-50.00","","","EUR","","","","Savings plan execution US0378331005 APPLE INC., quantity: 0.277438","10f4f808-179a-4cff-b093-9cbdf116c0e8","","","",""
"2025-07-16T15:01:01.701Z","2025-07-16","DEFAULT","TRADING","BUY","STOCK","Nasdaq","US6311031081","0.6521450000","76.670000","-50.00","","","EUR","","","","Savings plan execution US6311031081 NASDAQ INC.       DL -,01, quantity: 0.652145","ebe86b0b-3200-4256-a147-3dc178e1c719","","","",""
"2025-07-16T15:40:49.924Z","2025-07-16","DEFAULT","TRADING","BUY","FUND","Global Water USD (Dist)","IE00B1TXK627","3.1928480000","62.640000","-200.00","","","EUR","","","","Savings plan execution IE00B1TXK627 iShares II plc - iShares Global Water UCITS ETF USD (Dist), quantity: 3.192848","f67bb210-53d4-49a9-b0b6-99d533a5c19e","","","",""
"2025-07-17T09:29:03.640218Z","2025-07-17","DEFAULT","CASH","CARD_TRANSACTION","","UKVI ETAMOB00000572085","","","","-19.180000","","","EUR","","","","TR Card Transaction","67b7c80c-c331-46d3-bb30-6cbe4bc98711","","","","9399"
"2025-07-23T14:37:23.770Z","2025-07-23","DEFAULT","TRADING","BUY","STOCK","Nasdaq","US6311031081","0.6579810000","75.990000","-50.00","","","EUR","","","","Savings plan execution US6311031081 NASDAQ INC.       DL -,01, quantity: 0.657981","8674ab8e-e0f2-44ac-a826-c78f27af7a65","","","",""
"2025-07-31T15:17:50.371320Z","2025-07-31","DEFAULT","CASH","CUSTOMER_INBOUND","","PILLON ERIK","","","","2000.000000","","","EUR","","","","Investment","fa838fc2-89b7-4327-836b-c0ecd96dd7b4","PILLON ERIK","LU780019545510728000","",""
"2025-08-01T16:47:33.174004Z","2025-08-01","DEFAULT","CASH","INTEREST_PAYMENT","BOND","Aug. 2035","IT0005631590","","","44.310000","","-5.54","EUR","","","","Interest Payment for ISIN IT0005631590","d813f337-fb84-46c3-9153-6179d242fc72","","","",""
"2025-08-01T12:50:08.793662Z","2025-08-01","DEFAULT","CASH","INTEREST_PAYMENT","BOND","Juli 2030","XS2648489388","","","17.600000","","","EUR","","","","Interest Payment for ISIN XS2648489388","9255837c-e8a6-427a-959b-48d5e29ab27b","","","",""
"2025-08-01T02:33:04.601787Z","2025-08-01","DEFAULT","CASH","INTEREST_PAYMENT","","","","","","4.880000","","","EUR","","","","Interest payment for payout collection 019862fd-b329-7b2c-8432-b53aeec42675","3398eb16-82b2-444a-9f17-ad11c03a2ab0","","","",""
"2025-08-04T07:26:48.394Z","2025-08-04","DEFAULT","TRADING","BUY","STOCK","Apple","US0378331005","0.2836070000","176.300000","-50.00","","","EUR","","","","Savings plan execution US0378331005 APPLE INC., quantity: 0.283607","75315ffc-fa91-4ba0-94eb-c340f80785d7","","","",""
"2025-08-04T10:11:59.024724Z","2025-08-04","DEFAULT","CASH","CUSTOMER_INBOUND","","PILLON ERIK","","","","500.000000","","","EUR","","","","Accumulation plan","a87639a7-f69f-4b87-9c68-48b7d1fff4dc","PILLON ERIK","LU780019545510728000","",""
"2025-08-04T13:59:26.768Z","2025-08-04","DEFAULT","TRADING","BUY","STOCK","Alphabet (C)","US02079K1079","0.2978310000","167.880000","-50.00","","","EUR","","","","Savings plan execution US02079K1079 ALPHABET INC.CL.C DL-,001, quantity: 0.297831","1d2da990-3923-4400-aa2f-58e46e199975","","","",""
"2025-08-04T14:05:15.176Z","2025-08-04","DEFAULT","TRADING","BUY","FUND","Core S&P 500 USD (Acc)","IE00B5BMR087","0.8612370000","580.560000","-500.00","","","EUR","","","","Savings plan execution IE00B5BMR087 iShares VII plc - iShares Core S&P 500 UCITS ETF USD (Acc), quantity: 0.861237","24d3947e-e923-4997-9696-44af3d15ab02","","","",""
"2025-08-04T14:49:17.580Z","2025-08-04","DEFAULT","TRADING","BUY","STOCK","Chevron","US1667641005","0.3829650000","130.560000","-50.00","","","EUR","","","","Savings plan execution US1667641005 CHEVRON, quantity: 0.382965","57e42049-2694-4688-9203-143c5bbcdc05","","","",""
"2025-08-04T16:27:26.245Z","2025-08-04","DEFAULT","TRADING","BUY","STOCK","Nasdaq","US6311031081","0.5988740000","83.490000","-50.00","","","EUR","","","","Savings plan execution US6311031081 NASDAQ INC.       DL -,01, quantity: 0.598874","0dd0467c-d8cf-421c-ba87-38f024fec517","","","",""
"2025-08-04T16:28:46.245Z","2025-08-04","DEFAULT","TRADING","BUY","FUND","FTSE All-World USD (Acc)","IE00BK5BQT80","3.7475640000","133.420000","-500.00","","","EUR","","","","Savings plan execution IE00BK5BQT80 Vanguard Funds PLC - Vanguard FTSE All-World UCITS ETF (USD) Accumulating, quantity: 3.747564","64579a83-ebc6-44f7-86a1-f7c08aacfe1c","","","",""
"2025-08-05T10:07:17.616669Z","2025-08-05","DEFAULT","CASH","CARD_TRANSACTION","","CASUALFOOD  2675","","","","-18.800000","","","EUR","","","","CASUALFOOD  2675","75c38fba-f416-4a9a-9fca-04664f5eb2e4","","","","5331"
"2025-08-07T14:43:10.560790Z","2025-08-07","DEFAULT","CASH","CARD_TRANSACTION_INTERNATIONAL","","SEVEN-ELEVEN","","","","-34.320000","","","EUR","-5845.98","JPY","0.005871","SEVEN-ELEVEN, 5.846 ¥, exchange rate: 0,0058707, ECB rate: 0,0058275058, markup: 0,74121248 %","59cb3742-ed05-4046-a454-fbc792ea3102","","","","5499"
"2025-08-07T14:37:56.998065Z","2025-08-07","DEFAULT","CASH","CARD_TRANSACTION_INTERNATIONAL","","SHIBUYA PARCO","","","","-25.240000","","","EUR","-4290.04","JPY","0.005883","SHIBUYA PARCO, 4.290 ¥, exchange rate: 0,0058834, ECB rate: 0,0058275058, markup: 0,95914448 %","87280e02-74e6-4f42-8f9f-d4bc3f31c9ce","","","","5311"
"2025-08-09T15:36:19.419192Z","2025-08-09","DEFAULT","CASH","CARD_TRANSACTION_INTERNATIONAL","","FAMILYMART","","","","-3.170000","","","EUR","-539.00","JPY","0.005881","FAMILYMART, 539 ¥, exchange rate: 0,0058813, ECB rate: 0,0058078755, markup: 1,26422304 %","2e88eb85-6707-443b-b96c-5e398bf1415a","","","","5499"
"2025-08-09T15:36:21.274147Z","2025-08-09","DEFAULT","CASH","CARD_TRANSACTION_INTERNATIONAL","","LAWSON","","","","-1.750000","","","EUR","-299.00","JPY","0.005853","LAWSON, 299 ¥, exchange rate: 0,0058528, ECB rate: 0,0058078755, markup: 0,77351004 %","a945fd01-c349-4562-860d-a35c8e96db45","","","","5499"
"2025-08-09T15:36:21.222669Z","2025-08-09","DEFAULT","CASH","CARD_TRANSACTION_INTERNATIONAL","","LAWSON","","","","-2.710000","","","EUR","-462.00","JPY","0.005866","LAWSON, 462 ¥, exchange rate: 0,0058658, ECB rate: 0,0058078755, markup: 0,99734404 %","ab613cc2-bc05-41a9-a7b0-61b99e87206b","","","","5499"
"2025-08-09T15:34:02.491603Z","2025-08-09","DEFAULT","CASH","CARD_TRANSACTION_INTERNATIONAL","","SANDORATSUGU","","","","-8.020000","","","EUR","-1362.00","JPY","0.005888","SANDORATSUGU, 1.362 ¥, exchange rate: 0,0058884, ECB rate: 0,0058078755, markup: 1,38647084 %","d4868ae8-5251-4dff-9137-2b7a7332b1d3","","","","5977"
"2025-08-10T15:06:30.935305Z","2025-08-10","DEFAULT","CASH","CARD_TRANSACTION_INTERNATIONAL","","ONODEN","","","","-5.290000","","","EUR","-907.00","JPY","0.005832","ONODEN, 907 ¥, exchange rate: 0,0058324, ECB rate: 0,0058078755, markup: 0,42226284 %","f2e12847-9cc9-4a94-91c7-a846f7dabc06","","","","5732"
"2025-08-11T13:02:34.631195Z","2025-08-11","DEFAULT","CASH","CARD_TRANSACTION_INTERNATIONAL","","FUMICHAN KIIRO","","","","-5.250000","","","EUR","-900.01","JPY","0.005833","FUMICHAN KIIRO, 900 ¥, exchange rate: 0,0058333, ECB rate: 0,0058078755, markup: 0,43775904 %","0413efb1-065b-4632-821e-9fda534c276a","","","","5812"
"2025-08-11T13:09:31.443980Z","2025-08-11","DEFAULT","CASH","CARD_TRANSACTION_INTERNATIONAL","","FAMILYMART","","","","-3.140000","","","EUR","-538.00","JPY","0.005836","FAMILYMART, 538 ¥, exchange rate: 0,0058364, ECB rate: 0,0058078755, markup: 0,49113484 %","4fba9aaf-50af-4b8b-89b8-30feb230d7a3","","","","5499"
"2025-08-11T13:06:54.462033Z","2025-08-11","DEFAULT","CASH","CARD_TRANSACTION_INTERNATIONAL","","AZABUSABO HOTSUKAIDOAIS","","","","-3.500000","","","EUR","-600.00","JPY","0.005833","AZABUSABO HOTSUKAIDOAIS, 600 ¥, exchange rate: 0,0058333, ECB rate: 0,0058078755, markup: 0,43775904 %","518c8c1f-d7c3-40dc-9703-26e41af915a6","","","","7299"
"2025-08-11T13:09:31.320756Z","2025-08-11","DEFAULT","CASH","CARD_TRANSACTION_INTERNATIONAL","","EDION","","","","-22.180000","","","EUR","-3800.03","JPY","0.005837","EDION, 3.800 ¥, exchange rate: 0,0058368, ECB rate: 0,0058078755, markup: 0,49802204 %","9e1db1d0-0293-44c1-96cb-1fc07964cef7","","","","5732"
"2025-08-11T13:03:17.935418Z","2025-08-11","DEFAULT","CASH","CARD_TRANSACTION_INTERNATIONAL","","TOKYOKOKURITSUHAKUBUTSUKA","","","","-11.670000","","","EUR","-2000.00","JPY","0.005835","TOKYOKOKURITSUHAKUBUTSUKA, 2.000 ¥, exchange rate: 0,005835, ECB rate: 0,0058078755, markup: 0,46702964 %","64d5929e-d10e-462d-9d2d-779408e1ac4c","","","","8398"
"2025-08-11T13:06:56.481440Z","2025-08-11","DEFAULT","CASH","CARD_TRANSACTION_INTERNATIONAL","","MIRAIDAINING ASAKUSA RICH","","","","-8.470000","","","EUR","-1449.99","JPY","0.005841","MIRAIDAINING ASAKUSA RICH, 1.450 ¥, exchange rate: 0,0058414, ECB rate: 0,0058078755, markup: 0,57722484 %","d355c9cf-fcf1-4240-b31e-d11b929a6a1f","","","","5814"
"2025-08-11T14:00:19.587Z","2025-08-11","DEFAULT","TRADING","BUY","STOCK","Chevron","US1667641005","0.3740830000","133.660000","-50.00","","","EUR","","","","Savings plan execution US1667641005 CHEVRON, quantity: 0.374083","80706849-d1be-4ce4-a739-d69fbe5df516","","","",""
"2025-08-11T14:37:24.235Z","2025-08-11","DEFAULT","TRADING","BUY","STOCK","Nasdaq","US6311031081","0.5946010000","84.090000","-50.00","","","EUR","","","","Savings plan execution US6311031081 NASDAQ INC.       DL -,01, quantity: 0.594601","85287349-f03b-4891-a5de-cf761846dbdc","","","",""
"2025-08-12T14:38:51.678077Z","2025-08-12","DEFAULT","CASH","CARD_TRANSACTION_INTERNATIONAL","","LAWSON","","","","-12.570000","","","EUR","-2151.99","JPY","0.005841","LAWSON, 2.152 ¥, exchange rate: 0,0058411, ECB rate: 0,0058038305, markup: 0,64215349 %","b0dc2b3f-3e61-4d80-858f-456cf9fe0c23","","","","5499"
"2025-08-13T15:01:39.882316Z","2025-08-13","DEFAULT","CASH","CARD_TRANSACTION_INTERNATIONAL","","EGG BABY CAFE","","","","-11.390000","","","EUR","-1950.01","JPY","0.005841","EGG BABY CAFE, 1.950 ¥, exchange rate: 0,005841, ECB rate: 0,0057981098, markup: 0,73972728 %","2b2a8663-4794-4328-9283-28167bf9f333","","","","5812"
"2025-08-13T14:59:26.012230Z","2025-08-13","DEFAULT","CASH","CARD_TRANSACTION_INTERNATIONAL","","LAWSON","","","","-1.920000","","","EUR","-329.00","JPY","0.005836","LAWSON, 329 ¥, exchange rate: 0,0058359, ECB rate: 0,0057981098, markup: 0,65176758 %","367d28b7-138e-4236-bee9-027fa752ed12","","","","5499"
"2025-08-13T15:03:23.246539Z","2025-08-13","DEFAULT","CASH","CARD_TRANSACTION_INTERNATIONAL","","FUJI MOTORSPORTS MUSEUM","","","","-35.040000","","","EUR","-6000.00","JPY","0.005840","FUJI MOTORSPORTS MUSEUM, 6.000 ¥, exchange rate: 0,00584, ECB rate: 0,0057981098, markup: 0,72248028 %","60733f92-6b85-4eb4-98dc-78633c8f9b67","","","","7922"
"2025-08-13T14:59:25.968441Z","2025-08-13","DEFAULT","CASH","CARD_TRANSACTION_INTERNATIONAL","","FAMILYMART","","","","-2.070000","","","EUR","-355.00","JPY","0.005831","FAMILYMART, 355 ¥, exchange rate: 0,005831, ECB rate: 0,0057981098, markup: 0,56725728 %","eebc31c3-9386-4421-8551-fb82f1164c2c","","","","5499"
"2025-08-14T15:09:14.397840Z","2025-08-14","DEFAULT","CASH","CARD_TRANSACTION_INTERNATIONAL","","LAWSON","","","","-4.120000","","","EUR","-707.00","JPY","0.005827","LAWSON, 707 ¥, exchange rate: 0,0058274, ECB rate: 0,0058377116, markup: -0,17663771 %","06115e0d-3091-49e1-9e38-a99b9cbbcf65","","","","5499"
"2025-08-14T15:06:16.936572Z","2025-08-14","DEFAULT","CASH","CARD_TRANSACTION_INTERNATIONAL","","BRANDNEWDAYKAWAGUCHIKOOOI","","","","-7.870000","","","EUR","-1350.01","JPY","0.005830","BRANDNEWDAYKAWAGUCHIKOOOI, 1.350 ¥, exchange rate: 0,0058296, ECB rate: 0,0058377116, markup: -0,13895171 %","ac5fe712-9c6b-4bc7-868e-a562f5a5f25e","","","","5812"
"2025-08-14T07:18:11.072032Z","2025-08-14","DEFAULT","CASH","DIVIDEND","STOCK","Apple","US0378331005","2.8033300000","","0.620000","","-0.09","EUR","0.73","USD","0.853898","Cash Dividend for ISIN US0378331005","1e1a52ba-9340-415c-9965-4b6bb1b7dee5","","","",""
"2025-08-15T14:59:22.789874Z","2025-08-15","DEFAULT","CASH","CARD_TRANSACTION_INTERNATIONAL","","MCDONALD'S","","","","-8.220000","","","EUR","-1410.00","JPY","0.005830","MCDONALD'S, 1.410 ¥, exchange rate: 0,0058298, ECB rate: 0,005820383, markup: 0,16179348 %","b3bb6138-baf5-4e33-8aa3-26b9de943c56","","","","5814"
"2025-08-15T14:59:22.753156Z","2025-08-15","DEFAULT","CASH","CARD_TRANSACTION_INTERNATIONAL","","LAWSON","","","","-1.070000","","","EUR","-184.00","JPY","0.005815","LAWSON, 184 ¥, exchange rate: 0,0058152, ECB rate: 0,005820383, markup: -0,08904912 %","7c6b90eb-590a-4fba-92e4-67d70879f826","","","","5499"
"2025-08-16T14:40:28.757662Z","2025-08-16","DEFAULT","CASH","CARD_TRANSACTION_INTERNATIONAL","","FAMILYMART","","","","-1.910000","","","EUR","-327.00","JPY","0.005841","FAMILYMART, 327 ¥, exchange rate: 0,005841, ECB rate: 0,005820383, markup: 0,35422068 %","5b38d205-70d4-4f94-8e44-f9bcb1760991","","","","5499"
"2025-08-16T14:40:27.591141Z","2025-08-16","DEFAULT","CASH","CARD_TRANSACTION_INTERNATIONAL","","FAMILYMART","","","","-1.820000","","","EUR","-312.00","JPY","0.005833","FAMILYMART, 312 ¥, exchange rate: 0,0058333, ECB rate: 0,005820383, markup: 0,22192698 %","bb67fcbf-be5f-4a50-bbb0-411db708dc10","","","","5499"
"2025-08-16T14:36:40.016441Z","2025-08-16","DEFAULT","CASH","CARD_TRANSACTION_INTERNATIONAL","","KUSHIKATSU OJI JANJAN","","","","-11.370000","","","EUR","-1958.02","JPY","0.005807","KUSHIKATSU OJI JANJAN, 1.958 ¥, exchange rate: 0,0058069, ECB rate: 0,005820383, markup: -0,23165142 %","8595aaf6-4eeb-45af-8d52-4af3b641b4b7","","","","5813"
"2025-08-16T14:40:28.567153Z","2025-08-16","DEFAULT","CASH","CARD_TRANSACTION_INTERNATIONAL","","FAMILYMART","","","","-2.920000","","","EUR","-501.00","JPY","0.005828","FAMILYMART, 501 ¥, exchange rate: 0,0058283, ECB rate: 0,005820383, markup: 0,13602198 %","1cd3423f-503b-44a2-a9cd-63a5ff952d4f","","","","5499"
"2025-08-17T14:59:10.754841Z","2025-08-17","DEFAULT","CASH","CARD_TRANSACTION_INTERNATIONAL","","OSAKAMUSEUMOFHISTORY","","","","-10.530000","","","EUR","-1800.00","JPY","0.005850","OSAKAMUSEUMOFHISTORY, 1.800 ¥, exchange rate: 0,00585, ECB rate: 0,005820383, markup: 0,50884968 %","e6cbc628-4c46-45ab-b682-95c8bfe3efb9","","","","7999"
"2025-08-17T14:59:23.332Z","2025-08-17","DEFAULT","CASH","CARD_TRANSACTION_INTERNATIONAL","","SUGI PHARMACY","","","","-15.670000","","","EUR","-2700.00","JPY","0.005804","SUGI PHARMACY, 2.700 ¥, exchange rate: 0,0058037, ECB rate: 0,005820383, markup: -0,28663062 %","320481b3-0ba9-4270-a733-c05e70d5d69a","","","","5977"
"2025-08-18T07:28:48.078Z","2025-08-18","DEFAULT","TRADING","BUY","STOCK","Apple","US0378331005","0.2530620000","197.580000","-50.00","","","EUR","","","","Savings plan execution US0378331005 APPLE INC., quantity: 0.253062","7cb261f7-2737-4f59-8242-2f192597f489","","","",""
"2025-08-18T12:35:20.979601Z","2025-08-18","DEFAULT","CASH","CARD_TRANSACTION_INTERNATIONAL","","LAWSON","","","","-2.710000","","","EUR","-463.00","JPY","0.005853","LAWSON, 463 ¥, exchange rate: 0,0058531, ECB rate: 0,005820383, markup: 0,56211078 %","067b12e3-859c-4781-a694-16a7fcd3a2ea","","","","5499"
"2025-08-18T12:43:11.332588Z","2025-08-18","DEFAULT","CASH","CARD_TRANSACTION_INTERNATIONAL","","LAWSON","","","","-7.600000","","","EUR","-1304.00","JPY","0.005828","LAWSON, 1.304 ¥, exchange rate: 0,0058282, ECB rate: 0,005820383, markup: 0,13430388 %","0c3a1cf4-4fe9-4818-bc7b-6a94ccaf22fc","","","","5499"
"2025-08-18T12:43:10.399193Z","2025-08-18","DEFAULT","CASH","CARD_TRANSACTION_INTERNATIONAL","","POPLAR GROUP","","","","-0.700000","","","EUR","-120.00","JPY","0.005833","POPLAR GROUP, 120 ¥, exchange rate: 0,0058333, ECB rate: 0,005820383, markup: 0,22192698 %","4ea0e46a-48f0-4ab7-b060-226f0ab58351","","","","5499"
"2025-08-18T12:35:20.943848Z","2025-08-18","DEFAULT","CASH","CARD_TRANSACTION_INTERNATIONAL","","LAWSON","","","","-0.950000","","","EUR","-162.00","JPY","0.005864","LAWSON, 162 ¥, exchange rate: 0,0058642, ECB rate: 0,005820383, markup: 0,75281987 %","4fd98968-afea-4901-8878-de2cf18d46c0","","","","5499"
"2025-08-18T12:43:10.512879Z","2025-08-18","DEFAULT","CASH","CARD_TRANSACTION_INTERNATIONAL","","POPLAR GROUP","","","","-3.710000","","","EUR","-635.00","JPY","0.005842","POPLAR GROUP, 635 ¥, exchange rate: 0,0058425, ECB rate: 0,005820383, markup: 0,37999218 %","60dfc37e-9d0a-49a9-b4d6-3530c3475453","","","","5499"
"2025-08-18T12:35:20.910412Z","2025-08-18","DEFAULT","CASH","CARD_TRANSACTION_INTERNATIONAL","","LAWSON","","","","-3.520000","","","EUR","-602.00","JPY","0.005847","LAWSON, 602 ¥, exchange rate: 0,0058472, ECB rate: 0,005820383, markup: 0,46074288 %","643ef338-6b83-49f0-ac37-59f96eb8b813","","","","5499"
"2025-08-18T12:35:20.005028Z","2025-08-18","DEFAULT","CASH","CARD_TRANSACTION_INTERNATIONAL","","FAMILYMART","","","","-1.970000","","","EUR","-339.00","JPY","0.005811","FAMILYMART, 339 ¥, exchange rate: 0,0058112, ECB rate: 0,005820383, markup: -0,15777312 %","dc07d9ba-d9a0-459f-b0c0-55d96c94599c","","","","5499"
"2025-08-18T12:43:10.474493Z","2025-08-18","DEFAULT","CASH","CARD_TRANSACTION_INTERNATIONAL","","LAWSON","","","","-1.070000","","","EUR","-184.00","JPY","0.005815","LAWSON, 184 ¥, exchange rate: 0,0058152, ECB rate: 0,005820383, markup: -0,08904912 %","f70f6b14-f4fb-49da-b0c2-56b2ab754304","","","","5499"
"2025-08-18T12:34:00.032906Z","2025-08-18","DEFAULT","CASH","CARD_TRANSACTION_INTERNATIONAL","","OSAKA SCIENCE MUSEUM","","","","-7.020000","","","EUR","-1200.00","JPY","0.005850","OSAKA SCIENCE MUSEUM, 1.200 ¥, exchange rate: 0,00585, ECB rate: 0,005820383, markup: 0,50884968 %","6646e17b-9018-4736-8106-8a8b07731993","","","","7996"
"2025-08-18T12:34:43.400281Z","2025-08-18","DEFAULT","CASH","CARD_TRANSACTION_INTERNATIONAL","","NAMBA MARUI","","","","-5.720000","","","EUR","-978.00","JPY","0.005849","NAMBA MARUI, 978 ¥, exchange rate: 0,0058487, ECB rate: 0,005820383, markup: 0,48651438 %","026fc484-80d4-46f8-ba1b-09ca858207b3","","","","5311"
"2025-08-18T12:43:11.370269Z","2025-08-18","DEFAULT","CASH","CARD_TRANSACTION_INTERNATIONAL","","LAWSON","","","","-1.800000","","","EUR","-308.00","JPY","0.005844","LAWSON, 308 ¥, exchange rate: 0,0058442, ECB rate: 0,005820383, markup: 0,40919988 %","a308d1f5-0bde-4525-aa0e-6b26dde90f0e","","","","5499"
"2025-08-18T14:01:39.367Z","2025-08-18","DEFAULT","TRADING","BUY","STOCK","Chevron","US1667641005","0.3747560000","133.420000","-50.00","","","EUR","","","","Savings plan execution US1667641005 CHEVRON, quantity: 0.374756","f847a6c1-4cd1-4e43-bb26-7a1d1794ddc8","","","",""
"2025-08-18T14:59:06.769Z","2025-08-18","DEFAULT","TRADING","BUY","STOCK","Nasdaq","US6311031081","0.6164460000","81.110000","-50.00","","","EUR","","","","Savings plan execution US6311031081 NASDAQ INC.       DL -,01, quantity: 0.616446","7b55bece-1cd1-4f7e-a846-b8da7b78b6ad","","","",""
"2025-08-18T15:29:07.900Z","2025-08-18","DEFAULT","TRADING","BUY","FUND","Global Water USD (Dist)","IE00B1TXK627","3.0674840000","65.200000","-200.00","","","EUR","","","","Savings plan execution IE00B1TXK627 iShares II plc - iShares Global Water UCITS ETF USD (Dist), quantity: 3.067484","eedbb812-2b6b-4878-8544-5824944ea348","","","",""
"2025-08-19T14:52:19.892305Z","2025-08-19","DEFAULT","CASH","CARD_TRANSACTION_INTERNATIONAL","","LAWSON","","","","-2.680000","","","EUR","-460.00","JPY","0.005826","LAWSON, 460 ¥, exchange rate: 0,0058261, ECB rate: 0,005791394, markup: 0,5992685 %","1e1dfd00-5d3e-4248-8ae1-de70cfe44c1c","","","","5499"
"2025-08-19T14:52:18.786056Z","2025-08-19","DEFAULT","CASH","CARD_TRANSACTION_INTERNATIONAL","","LAWSON","","","","-1.840000","","","EUR","-316.00","JPY","0.005823","LAWSON, 316 ¥, exchange rate: 0,0058228, ECB rate: 0,005791394, markup: 0,5422874 %","6b4beb6c-ba90-466c-bb0a-cbfa7ee7dbb5","","","","5499"
"2025-08-20T14:44:46.063064Z","2025-08-20","DEFAULT","CASH","CARD_TRANSACTION_INTERNATIONAL","","TAP TO RIDE JAPAN W","","","","-3.790000","","","EUR","-650.00","JPY","0.005831","TAP TO RIDE JAPAN W, 650 ¥, exchange rate: 0,0058308, ECB rate: 0,0058217384, markup: 0,1556511 %","02124097-75d7-49f3-8f85-a41d6edf7abb","","","","4111"
"2025-08-20T14:44:47.285701Z","2025-08-20","DEFAULT","CASH","CARD_TRANSACTION_INTERNATIONAL","","KOKOMOYOTSUTEEYA/NFC","","","","-12.830000","","","EUR","-2200.01","JPY","0.005832","KOKOMOYOTSUTEEYA/NFC, 2.200 ¥, exchange rate: 0,0058318, ECB rate: 0,0058217384, markup: 0,1728281 %","079f2cb5-ba45-4acd-81c0-fcd7e9b8c673","","","","5947"
"2025-08-20T14:48:06.731688Z","2025-08-20","DEFAULT","CASH","CARD_TRANSACTION_INTERNATIONAL","","RAYCAFE","","","","-9.910000","","","EUR","-1700.00","JPY","0.005829","RAYCAFE, 1.700 ¥, exchange rate: 0,0058294, ECB rate: 0,0058217384, markup: 0,1316033 %","2e507ddf-f08b-4692-80a1-511fc01ff50f","","","","5812"
"2025-08-20T14:44:47.235102Z","2025-08-20","DEFAULT","CASH","CARD_TRANSACTION_INTERNATIONAL","","TONARINOTONARI","","","","-11.660000","","","EUR","-2000.00","JPY","0.005830","TONARINOTONARI, 2.000 ¥, exchange rate: 0,00583, ECB rate: 0,0058217384, markup: 0,1419095 %","5cccf34c-ea40-4c0e-8f6a-1907e8acd456","","","","5812"
"2025-08-20T14:45:30.373793Z","2025-08-20","DEFAULT","CASH","CARD_TRANSACTION_INTERNATIONAL","","LAWSON","","","","-2.380000","","","EUR","-409.00","JPY","0.005819","LAWSON, 409 ¥, exchange rate: 0,0058191, ECB rate: 0,0058217384, markup: -0,0453198 %","e5eeebb9-528e-41d0-b02d-768322f3d87e","","","","5499"
"2025-08-20T14:45:30.316946Z","2025-08-20","DEFAULT","CASH","CARD_TRANSACTION_INTERNATIONAL","","LAWSON","","","","-2.770000","","","EUR","-475.00","JPY","0.005832","LAWSON, 475 ¥, exchange rate: 0,0058316, ECB rate: 0,0058217384, markup: 0,1693927 %","f584e9a4-07b2-4e97-8967-a80ca46df2f2","","","","5499"
"2025-08-20T14:45:30.281116Z","2025-08-20","DEFAULT","CASH","CARD_TRANSACTION_INTERNATIONAL","","LAWSON","","","","-8.300000","","","EUR","-1423.01","JPY","0.005833","LAWSON, 1.423 ¥, exchange rate: 0,0058327, ECB rate: 0,0058217384, markup: 0,1882874 %","cb0fe202-9b6b-4278-b60a-59d4b669f1e4","","","","5499"
"2025-08-20T14:45:29.266957Z","2025-08-20","DEFAULT","CASH","CARD_TRANSACTION_INTERNATIONAL","","KYOTOTSUTAYASHIYOTEN","","","","-18.570000","","","EUR","-3184.98","JPY","0.005830","KYOTOTSUTAYASHIYOTEN, 3.185 ¥, exchange rate: 0,0058305, ECB rate: 0,0058217384, markup: 0,150498 %","b285802a-1eea-44d0-9120-915eafae20d2","","","","5735"
"2025-08-21T14:09:21.241748Z","2025-08-21","DEFAULT","CASH","CARD_TRANSACTION_INTERNATIONAL","","NANKAIGROUP/TRAINS","","","","-5.650000","","","EUR","-970.01","JPY","0.005825","NANKAIGROUP/TRAINS, 970 ¥, exchange rate: 0,0058247, ECB rate: 0,0058217384, markup: 0,0508714 %","17c56644-051d-4b13-b747-ea3ba19b55c8","","","","4111"
"2025-08-25T14:00:22.423Z","2025-08-25","DEFAULT","TRADING","BUY","STOCK","Chevron","US1667641005","0.3706990000","134.880000","-50.00","","","EUR","","","","Savings plan execution US1667641005 CHEVRON, quantity: 0.370699","426e2657-e487-40e1-a948-c039ea7e8c23","","","",""
"2025-09-01T06:24:32.018047Z","2025-09-01","DEFAULT","CASH","INTEREST_PAYMENT","","","","","","3.410000","","","EUR","","","","Interest payment for payout collection 019902c6-6a86-703a-abe3-890a469b22a4","76d69570-46e0-440c-b3f1-972f903a8dd8","","","",""
"2025-09-02T07:24:56.834Z","2025-09-02","DEFAULT","TRADING","BUY","STOCK","Apple","US0378331005","0.2521430000","198.300000","-50.00","","","EUR","","","","Savings plan execution US0378331005 APPLE INC., quantity: 0.252143","4dd0fc10-35c6-4878-9cfc-dfc7a7c8d160","","","",""
"2025-09-02T13:56:39.454Z","2025-09-02","DEFAULT","TRADING","BUY","STOCK","Alphabet (C)","US02079K1079","0.2779320000","179.900000","-50.00","","","EUR","","","","Savings plan execution US02079K1079 ALPHABET INC.CL.C DL-,001, quantity: 0.277932","77ab2e3c-331b-459f-9abd-05a70054703a","","","",""
"2025-09-02T14:07:48.345Z","2025-09-02","DEFAULT","TRADING","BUY","FUND","Core S&P 500 USD (Acc)","IE00B5BMR087","0.8519330000","586.900000","-500.00","","","EUR","","","","Savings plan execution IE00B5BMR087 iShares VII plc - iShares Core S&P 500 UCITS ETF USD (Acc), quantity: 0.851933","764631ba-cc56-47d9-a4f5-b484b0fd26ec","","","",""
"2025-09-02T14:38:46.835Z","2025-09-02","DEFAULT","TRADING","BUY","STOCK","Chevron","US1667641005","0.3622130000","138.040000","-50.00","","","EUR","","","","Savings plan execution US1667641005 CHEVRON, quantity: 0.362213","52edb927-2c7a-4b39-802b-e77d4ef9a995","","","",""
"2025-09-02T16:07:11.289024Z","2025-09-02","DEFAULT","CASH","INTEREST_PAYMENT","BOND","Sept. 2043","IT0005530032","","","55.470000","","-6.93","EUR","","","","Interest Payment for ISIN IT0005530032","9b8693f9-a6d6-4a49-b035-bea08a3b00be","","","",""
"2025-09-02T16:25:55.339Z","2025-09-02","DEFAULT","TRADING","BUY","STOCK","Coca-Cola","US1912161007","1.7064840000","58.600000","-100.00","","","EUR","","","","Savings plan execution US1912161007 COCA-COLA CO. DL-,25, quantity: 1.706484","26338818-e981-4bed-a095-df90c5c18f74","","","",""
"2025-09-04T12:35:15.553606Z","2025-09-04","DEFAULT","CASH","CUSTOMER_INBOUND","","PILLON ERIK","","","","500.000000","","","EUR","","","","Accumulation plan","7bd668c1-f39d-4f8a-801b-f9ad10306442","PILLON ERIK","LU780019545510728000","",""
"2025-09-05T15:21:14.448151Z","2025-09-05","DEFAULT","CASH","DIVIDEND","FUND","Euro Overnight Rate Swap EUR (Dist)","LU0335044896","7.8557060000","","4.930000","","","EUR","","","","Cash Dividend for ISIN LU0335044896","153b7208-9a84-4688-bd7c-d9066a69d5e7","","","",""
"2025-09-09T14:00:26.593Z","2025-09-09","DEFAULT","TRADING","BUY","STOCK","Chevron","US1667641005","0.3758830000","133.0200000000","-50.00","","","EUR","","","","Savings plan execution US1667641005 CHEVRON, quantity: 0.375883","3ea8eff8-46b1-435d-9698-c369bfcf876e","","","",""
"2025-09-10T16:11:18.722020Z","2025-09-10","DEFAULT","CASH","DIVIDEND","STOCK","Chevron","US1667641005","1.1318040000","","1.650000","","-0.25","EUR","1.94","USD","0.851499","Cash Dividend for ISIN US1667641005","b37bb51f-defd-40e3-89b5-ae40c9da701d","","","",""
"2025-09-15T20:13:29.962035Z","2025-09-15","DEFAULT","CASH","DIVIDEND","STOCK","Alphabet (C)","US02079K1079","1.5895990000","","0.280000","","-0.04","EUR","0.33","USD","0.853388","Cash Dividend for ISIN US02079K1079","78bba072-0a9b-4f69-8b76-b9046499a47d","","","",""
"2025-09-16T07:24:17.343Z","2025-09-16","DEFAULT","TRADING","BUY","STOCK","Apple","US0378331005","0.2488800000","200.9000000000","-50.00","","","EUR","","","","Savings plan execution US0378331005 APPLE INC., quantity: 0.248880","abd8d1a1-78c2-45dc-a690-ab4fb6c38da9","","","",""
"2025-09-16T14:07:36.106Z","2025-09-16","DEFAULT","TRADING","BUY","STOCK","Chevron","US1667641005","0.3715810000","134.5600000000","-50.00","","","EUR","","","","Savings plan execution US1667641005 CHEVRON, quantity: 0.371581","418f19ca-3953-46f1-b6af-e3e09f81f44c","","","",""
"2025-09-16T15:25:32.972Z","2025-09-16","DEFAULT","TRADING","BUY","FUND","Global Water USD (Dist)","IE00B1TXK627","3.1481180000","63.5300000000","-200.00","","","EUR","","","","Savings plan execution IE00B1TXK627 iShares II plc - iShares Global Water UCITS ETF USD (Dist), quantity: 3.148118","d4ab5573-7b1d-4f88-89ce-17bd2b259be3","","","",""
"2025-09-23T14:00:30.524Z","2025-09-23","DEFAULT","TRADING","BUY","STOCK","Chevron","US1667641005","0.3691670000","135.4400000000","-50.00","","","EUR","","","","Savings plan execution US1667641005 CHEVRON, quantity: 0.369167","d156aa30-1c5a-4654-885d-924eadecbff4","","","",""
"2025-09-26T15:38:35.556790Z","2025-09-26","DEFAULT","CASH","DIVIDEND","STOCK","Nasdaq","US6311031081","25.1936580000","","5.790000","","-0.87","EUR","6.80","USD","0.851861","Cash Dividend for ISIN US6311031081","bac122fb-5bfe-43bd-83bb-8fbc750bfbb1","","","",""
"2025-10-01T03:57:04.999460Z","2025-10-01","DEFAULT","CASH","INTEREST_PAYMENT","","","","","","1.800000","","","EUR","","","","Interest payment for payout collection 01999d36-6c93-7221-9bf9-3135b1b08b75","a06ffe8b-fc49-413c-8925-2b5b723cd2fe","","","",""
"2025-10-01T12:43:45.593163Z","2025-10-01","DEFAULT","CASH","DIVIDEND","STOCK","Coca-Cola","US1912161007","1.7064840000","","0.740000","","-0.11","EUR","0.87","USD","0.851716","Cash Dividend for ISIN US1912161007","cdbc3550-154e-4658-a3dc-0f622cc337e0","","","",""
"2025-10-02T07:28:36.285Z","2025-10-02","DEFAULT","TRADING","BUY","STOCK","Apple","US0378331005","0.2288850000","218.4500000000","-50.00","","","EUR","","","","Savings plan execution US0378331005 APPLE INC., quantity: 0.228885","b53c310b-0c29-4d51-9316-fe8c18b5c11c","","","",""
"2025-10-02T13:52:35.399Z","2025-10-02","DEFAULT","TRADING","BUY","STOCK","Alphabet (C)","US02079K1079","0.2388340000","209.3500000000","-50.00","","","EUR","","","","Savings plan execution US02079K1079 ALPHABET INC.CL.C DL-,001, quantity: 0.238834","3cc87de9-f316-4098-a0ee-cc67921d171c","","","",""
"2025-10-02T14:18:18.834Z","2025-10-02","DEFAULT","TRADING","BUY","STOCK","Chevron","US1667641005","0.3745870000","133.4800000000","-50.00","","","EUR","","","","Savings plan execution US1667641005 CHEVRON, quantity: 0.374587","4014e688-a722-44db-8d1d-2fec6ea0c045","","","",""
"2025-10-02T14:20:34.735Z","2025-10-02","DEFAULT","TRADING","BUY","FUND","Core S&P 500 USD (Acc)","IE00B5BMR087","0.8158470000","612.8600000000","-500.00","","","EUR","","","","Savings plan execution IE00B5BMR087 iShares VII plc - iShares Core S&P 500 UCITS ETF USD (Acc), quantity: 0.815847","ebfb70e2-09c7-41de-98c1-4d4f23605004","","","",""
"2025-10-02T16:54:54.553Z","2025-10-02","DEFAULT","TRADING","BUY","STOCK","Coca-Cola","US1912161007","1.7630460000","56.7200000000","-100.00","","","EUR","","","","Savings plan execution US1912161007 COCA-COLA CO. DL-,25, quantity: 1.763046","b218aa92-7877-4c79-abcf-ddff42f366af","","","",""
"2025-10-06T10:16:49.505679Z","2025-10-06","DEFAULT","CASH","CUSTOMER_INBOUND","","PILLON ERIK","","","","500.000000","","","EUR","","","","Accumulation plan","4351df26-a161-49ed-9233-1fcbeb01ca79","PILLON ERIK","LU780019545510728000","",""
"2025-10-09T14:00:30.566Z","2025-10-09","DEFAULT","TRADING","BUY","STOCK","Chevron","US1667641005","0.3785010000","132.1000000000","-50.00","","","EUR","","","","Savings plan execution US1667641005 CHEVRON, quantity: 0.378501","de62ce5f-1be2-42b7-9158-13391129d95f","","","",""
"2025-10-16T07:26:51.187Z","2025-10-16","DEFAULT","TRADING","BUY","STOCK","Apple","US0378331005","0.2331000000","214.5000000000","-50.00","","","EUR","","","","Savings plan execution US0378331005 APPLE INC., quantity: 0.233100","1e39a75d-c309-415b-a05b-329ef5b62629","","","",""
"2025-10-16T14:06:32.809Z","2025-10-16","DEFAULT","TRADING","BUY","STOCK","Chevron","US1667641005","0.3834940000","130.3800000000","-50.00","","","EUR","","","","Savings plan execution US1667641005 CHEVRON, quantity: 0.383494","b7a30aeb-d9d5-4f1f-b6c2-d59a96984b2d","","","",""
"2025-10-16T15:50:55.801Z","2025-10-16","DEFAULT","TRADING","BUY","FUND","Global Water USD (Dist)","IE00B1TXK627","3.0632560000","65.2900000000","-200.00","","","EUR","","","","Savings plan execution IE00B1TXK627 iShares II plc - iShares Global Water UCITS ETF USD (Dist), quantity: 3.063256","e185cc58-0264-493b-a74e-3e2625e124f4","","","",""
"2025-10-23T14:00:32.646Z","2025-10-23","DEFAULT","TRADING","BUY","STOCK","Chevron","US1667641005","0.3681880000","135.8000000000","-50.00","","","EUR","","","","Savings plan execution US1667641005 CHEVRON, quantity: 0.368188","4edc2bcb-82a7-442d-bd87-186396428494","","","",""
"2025-10-27T18:38:22.609Z","2025-10-27","DEFAULT","TRADING","SELL","STOCK","Nasdaq","US6311031081","-12.0000000000","75.9400000000","911.28","-1.00","","EUR","","","","Sell trade US6311031081 NASDAQ INC.       DL -,01, quantity: 12","4d121c06-4632-476c-aac1-a65a7e54b0e4","","","",""
"2025-10-27T18:38:22.609Z","2025-10-27","DEFAULT","TRADING","SELL","STOCK","Nasdaq","US6311031081","-0.5968290000","75.9400000000","45.32","","","EUR","","","","Sell trade US6311031081 NASDAQ INC.       DL -,01, quantity: 0.596829","8bf15c3e-a736-4540-84f7-5dac8b477cb9","","","",""
"2025-10-27T18:43:39.951Z","2025-10-27","DEFAULT","TRADING","BUY","FUND","Dez. 2029","IE000Y247W99","0.3613920000","4.5370000000","-1.64","","","EUR","","","","Buy trade IE000Y247W99 iShares V plc - iShares iBonds Dec 2029 Term $ Corp UCITS ETF USD (Dist), quantity: 0.361392","86f019f8-7683-4a4c-a418-ea07c9c6bb95","","","",""
"2025-10-27T18:43:39.952Z","2025-10-27","DEFAULT","TRADING","BUY","FUND","Dez. 2029","IE000Y247W99","220.0000000000","4.5370000000","-998.14","-1.00","","EUR","","","","Buy trade IE000Y247W99 iShares V plc - iShares iBonds Dec 2029 Term $ Corp UCITS ETF USD (Dist), quantity: 220","e8161177-333f-46e5-8deb-d8a60669616a","","","",""
"2025-10-27T18:43:55.387667Z","2025-10-27","DEFAULT","CASH","BONUS","","","","","","1.810000","","","EUR","","","","Fixed income bonus ac4acc96-823a-4913-b7b0-df2453e0fee6 for buy order: ac4acc96-823a-4913-b7b0-df2453e0fee6","83173bb1-db3b-4d86-a0fe-4681443cb096","","","",""
"2025-10-27T18:45:18.404Z","2025-10-27","DEFAULT","TRADING","BUY","FUND","Dez. 2029","IE000Y247W99","0.3988540000","4.5380000000","-1.81","","","EUR","","","","Buy trade IE000Y247W99 iShares V plc - iShares iBonds Dec 2029 Term $ Corp UCITS ETF USD (Dist), quantity: 0.398854","1fb43682-3790-4d66-8452-62bbe1b4494d","","","",""
"2025-11-01T06:11:16.110228Z","2025-11-01","DEFAULT","CASH","INTEREST_PAYMENT","","","","","","0.700000","","","EUR","","","","Interest payment for payout collection 019a3d2a-3d9d-7109-af0d-018ce13fbed4","784ef5b2-68af-4bb2-993a-a6939c53bbe7","","","",""
"2025-11-03T08:28:50.150Z","2025-11-03","DEFAULT","TRADING","BUY","STOCK","Apple","US0378331005","0.2129920000","234.7500000000","-50.00","","","EUR","","","","Savings plan execution US0378331005 APPLE INC., quantity: 0.212992","d0beb4c9-e44d-47f5-bb81-03e64d91f911","","","",""
"2025-11-03T14:52:11.510Z","2025-11-03","DEFAULT","TRADING","BUY","STOCK","Alphabet (C)","US02079K1079","0.2037070000","245.4500000000","-50.00","","","EUR","","","","Savings plan execution US02079K1079 ALPHABET INC.CL.C DL-,001, quantity: 0.203707","925deec1-94e5-4774-9efc-287eff8d4c10","","","",""
"2025-11-03T15:31:57.014Z","2025-11-03","DEFAULT","TRADING","BUY","FUND","Core S&P 500 USD (Acc)","IE00B5BMR087","0.7868560000","635.4400000000","-500.00","","","EUR","","","","Savings plan execution IE00B5BMR087 iShares VII plc - iShares Core S&P 500 UCITS ETF USD (Acc), quantity: 0.786856","63f8272b-b28a-4864-90df-a78c5d308592","","","",""
"2025-11-03T15:41:57.578Z","2025-11-03","DEFAULT","TRADING","BUY","STOCK","Chevron","US1667641005","0.3710290000","134.7600000000","-50.00","","","EUR","","","","Savings plan execution US1667641005 CHEVRON, quantity: 0.371029","25333c5d-7238-4ae2-afe1-0e510545478d","","","",""
"2025-11-03T16:13:05.817318Z","2025-11-03","DEFAULT","CASH","CUSTOMER_INBOUND","","PILLON ERIK","","","","500.000000","","","EUR","","","","Investment","e7992a73-631c-4f9b-8779-9f14a4eb1017","PILLON ERIK","LU780019545510728000","",""
"2025-11-03T16:46:17.154Z","2025-11-03","DEFAULT","TRADING","BUY","BOND","Aug. 2050","US02079KAF49","509.6900000000","0.4865260000","-250.00","-1.00","","EUR","","","","Buy trade US02079KAF49 ALPHABET INC, quantity: 509.69","077d46b9-c611-405a-ba10-9ad9bf1645e6","","","",""
"2025-11-03T17:38:28.226133Z","2025-11-03","DEFAULT","CASH","BONUS","","","","","","0.400000","","","EUR","","","","Fixed income bonus 4d70a614-2c92-4315-885c-df9401200ca7 for buy order: 4d70a614-2c92-4315-885c-df9401200ca7","4fd8b0d7-1bca-4774-9b5e-54a25dd9f06d","","","",""
"2025-11-03T09:20:55.151137Z","2025-11-03","DEFAULT","CASH","CUSTOMER_INBOUND","","PILLON ERIK","","","","1000.000000","","","EUR","","","","Investment","497619be-e906-4548-8500-1b136f7cebbe","PILLON ERIK","LU780019545510728000","",""
"2025-11-03T17:40:28.891Z","2025-11-03","DEFAULT","TRADING","BUY","STOCK","Coca-Cola","US1912161007","1.7003910000","58.8100000000","-100.00","","","EUR","","","","Savings plan execution US1912161007 COCA-COLA CO. DL-,25, quantity: 1.700391","5f0fac7b-dcf9-47d0-9afd-c86d0d37b3e1","","","",""
"2025-11-03T18:31:14.394Z","2025-11-03","DEFAULT","TRADING","BUY","BOND","Aug. 2050","US02079KAF49","0.7100000000","0.4860570000","-0.35","","","EUR","","","","Buy trade US02079KAF49 ALPHABET INC, quantity: 0.71","38c7688a-771a-41d6-9ecd-0b1aa5cbe619","","","",""
"2025-11-04T10:50:00.489904Z","2025-11-04","DEFAULT","CASH","CUSTOMER_INBOUND","","PILLON ERIK","","","","500.000000","","","EUR","","","","Accumulation plan","e92af46f-2a39-41c3-ae5b-968b50e0f935","PILLON ERIK","LU780019545510728000","",""
"2025-11-13T12:16:51.879319Z","2025-11-13","DEFAULT","CASH","DIVIDEND","STOCK","Apple","US0378331005","4.2323920000","","0.950000","","-0.15","EUR","1.10","USD","0.863856","Cash Dividend for ISIN US0378331005","d160fd65-d857-4037-af02-e791beb14e81","","","",""
"2025-11-17T15:00:26.912Z","2025-11-17","DEFAULT","TRADING","BUY","FUND","Core S&P 500 USD (Acc)","IE00B5BMR087","0.1604200000","623.3600000000","-100.00","","","EUR","","","","Savings plan execution IE00B5BMR087 iShares VII plc - iShares Core S&P 500 UCITS ETF USD (Acc), quantity: 0.160420","94963790-711f-4acf-bffb-bd093bc3a7b7","","","",""
"2025-11-17T17:47:33.147Z","2025-11-17","DEFAULT","TRADING","SELL","STOCK","Alphabet (C)","US02079K1079","-0.0321400000","249.1500000000","8.01","","","EUR","","","","Sell trade US02079K1079 ALPHABET INC.CL.C DL-,001, quantity: 0.03214","e223d23e-d48a-4ba7-8f3b-4c29949f12f7","","","",""
"2025-11-17T17:47:33.266Z","2025-11-17","DEFAULT","TRADING","SELL","STOCK","Alphabet (C)","US02079K1079","-2.0000000000","249.1500000000","498.30","-1.00","","EUR","","","","Sell trade US02079K1079 ALPHABET INC.CL.C DL-,001, quantity: 2","21e93ee5-b831-4a30-baab-0684a0bdfd4c","","","",""
"2025-11-24T14:50:31.220Z","2025-11-24","DEFAULT","TRADING","BUY","FUND","Core S&P 500 USD (Acc)","IE00B5BMR087","0.1622630000","616.2800000000","-100.00","","","EUR","","","","Savings plan execution IE00B5BMR087 iShares VII plc - iShares Core S&P 500 UCITS ETF USD (Acc), quantity: 0.162263","29cc5257-5551-4cc4-89ba-68ecf69569ce","","","",""
"2025-11-26T13:05:08.127753Z","2025-11-26","DEFAULT","CASH","DIVIDEND","FUND","Global Water USD (Dist)","IE00B1TXK627","20.5582640000","","9.510000","","","EUR","10.98","USD","0.865726","Cash Dividend for ISIN IE00B1TXK627","019ac044-881f-7935-bc77-7e0ac8e6a4cc","","","",""
"2025-12-01T23:37:49.933462Z","2025-12-01","DEFAULT","CASH","INTEREST_PAYMENT","BOND","Dez. 2028","IT0005340929","","","6.940000","","-0.87","EUR","","","","Interest Payment for ISIN IT0005340929","019adc47-946d-7087-a901-9d4bbd09c6fe","","","",""
"2025-12-01T06:47:38.287284Z","2025-12-01","DEFAULT","CASH","INTEREST_PAYMENT","","","","","","2.170000","","","EUR","","","","Interest payment for payout collection 019ad7a4-8513-7134-b220-0ba4ea255206","019ad8aa-b82f-78dd-9e77-4b646ef75902","","","",""
"2025-12-02T15:51:50.294Z","2025-12-02","DEFAULT","TRADING","BUY","FUND","Core S&P 500 USD (Acc)","IE00B5BMR087","0.1585380000","630.7600000000","-100.00","","","EUR","","","","Savings plan execution IE00B5BMR087 iShares VII plc - iShares Core S&P 500 UCITS ETF USD (Acc), quantity: 0.158538","bdb0a950-4d36-45b2-8284-c2c809863da6","","","",""
"2025-12-04T11:39:08.299436Z","2025-12-04","DEFAULT","CASH","VIBAN_TRANSFER_INBOUND","","PILLON ERIK","","","","500.000000","","","EUR","","","","Incoming transfer from PILLON ERIK","019ae928-ac8b-71b1-bb15-89f593e4a409","PILLON ERIK","LU780019545510728000","",""
"2025-12-05T14:34:42.019638Z","2025-12-05","DEFAULT","CASH","DIVIDEND","FUND","Euro Overnight Rate Swap EUR (Dist)","LU0335044896","7.8557060000","","4.530000","","","EUR","","","","Cash Dividend for ISIN LU0335044896","019aeeef-c3e3-78c9-a133-86480726935b","","","",""
"2025-12-09T14:49:08.094Z","2025-12-09","DEFAULT","TRADING","BUY","FUND","Core S&P 500 USD (Acc)","IE00B5BMR087","0.1585030000","630.9000000000","-100.00","","","EUR","","","","Savings plan execution IE00B5BMR087 iShares VII plc - iShares Core S&P 500 UCITS ETF USD (Acc), quantity: 0.158503","948b37b9-cd05-4a6c-97e1-198aea5c45d2","","","",""
"2025-12-11T13:00:31.712852Z","2025-12-11","DEFAULT","CASH","DIVIDEND","STOCK","Chevron","US1667641005","4.8571460000","","7.140000","","-1.07","EUR","8.31","USD","0.859328","Cash Dividend for ISIN US1667641005","019b0d7f-b460-74f4-b8ee-4c6bf059146a","","","",""
"2025-12-15T13:34:09.702809Z","2025-12-15","DEFAULT","CASH","DIVIDEND","STOCK","Coca-Cola","US1912161007","5.1699210000","","2.250000","","-0.34","EUR","2.64","USD","0.852442","Cash Dividend for ISIN US1912161007","019b2237-ef26-71ad-8978-165c28c8046b","","","",""
"2025-12-16T15:12:36.461Z","2025-12-16","DEFAULT","TRADING","BUY","FUND","Core S&P 500 USD (Acc)","IE00B5BMR087","0.1618280000","617.9400000000","-100.00","","","EUR","","","","Savings plan execution IE00B5BMR087 iShares VII plc - iShares Core S&P 500 UCITS ETF USD (Acc), quantity: 0.161828","1204083c-12e3-4bdc-9d59-f3fc59d7e410","","","",""
"2025-12-19T15:18:01.423731Z","2025-12-19","DEFAULT","CASH","DIVIDEND","STOCK","Nasdaq","US6311031081","12.5968290000","","2.900000","","-0.44","EUR","3.40","USD","0.853315","Cash Dividend for ISIN US6311031081","019b3730-75cf-7a59-9550-6fd57943b632","","","",""
"2025-12-23T15:10:10.081Z","2025-12-23","DEFAULT","TRADING","BUY","FUND","Core S&P 500 USD (Acc)","IE00B5BMR087","0.1598820000","625.4600000000","-100.00","","","EUR","","","","Savings plan execution IE00B5BMR087 iShares VII plc - iShares Core S&P 500 UCITS ETF USD (Acc), quantity: 0.159882","fa69e595-0c12-4349-8bda-a8c51858f06d","","","",""
"2025-12-24T13:59:16.494092Z","2025-12-24","DEFAULT","CASH","DIVIDEND","FUND","Dez. 2029","IE000Y247W99","220.7602460000","","11.150000","","","EUR","13.14","USD","0.848464","Cash Dividend for ISIN IE000Y247W99","019b50a8-290e-7df3-b442-cd3eb11c3246","","","",""
"2026-01-01T08:53:50.429217Z","2026-01-01","DEFAULT","CASH","INTEREST_PAYMENT","","","","","","3.010000","","","EUR","","","","Interest payment for payout collection 019b77ec-895d-795b-b899-ce2ea71be64a","019b78c3-66dd-7619-a41a-c4ccd4ea6d34","","","",""
"2026-01-02T15:09:57.139Z","2026-01-02","DEFAULT","TRADING","BUY","FUND","Core S&P 500 USD (Acc)","IE00B5BMR087","0.1588810000","629.4000000000","-100.00","","","EUR","","","","Savings plan execution IE00B5BMR087 iShares VII plc - iShares Core S&P 500 UCITS ETF USD (Acc), quantity: 0.158881","594ff155-3435-435c-a224-d01cae302cc6","","","",""
"2026-01-05T10:52:23.309083Z","2026-01-05","DEFAULT","CASH","VIBAN_TRANSFER_INBOUND","","PILLON ERIK","","","","500.000000","","","EUR","","","","Incoming transfer from PILLON ERIK","019b8dc9-5f8d-783f-8666-1d23d57858a9","PILLON ERIK","LU780019545510728000","",""
"2026-01-05T15:47:21.041Z","2026-01-05","DEFAULT","TRADING","SELL","STOCK","Nasdaq","US6311031081","-12.0000000000","83.9200000000","1007.04","-1.00","","EUR","","","","Sell trade US6311031081 NASDAQ INC.       DL -,01, quantity: 12","02ba2ee8-ec0a-4737-aa4a-7684ecc5fac2","","","",""
"2026-01-05T15:47:21.047Z","2026-01-05","DEFAULT","TRADING","SELL","STOCK","Nasdaq","US6311031081","-0.5968290000","83.9200000000","50.09","","","EUR","","","","Sell trade US6311031081 NASDAQ INC.       DL -,01, quantity: 0.596829","fc04e0be-2752-481c-bace-4f4ff9277186","","","",""
"2026-01-05T15:48:06.510Z","2026-01-05","DEFAULT","TRADING","SELL","FUND","Global Water USD (Dist)","IE00B1TXK627","-0.5582640000","64.3900000000","35.95","","","EUR","","","","Sell trade IE00B1TXK627 iShares II plc - iShares Global Water UCITS ETF USD (Dist), quantity: 0.558264","b47a3f0d-e20d-446e-9c52-51dc4be98df3","","","",""
"2026-01-05T15:48:06.525Z","2026-01-05","DEFAULT","TRADING","SELL","FUND","Global Water USD (Dist)","IE00B1TXK627","-20.0000000000","64.3900000000","1287.80","-1.00","","EUR","","","","Sell trade IE00B1TXK627 iShares II plc - iShares Global Water UCITS ETF USD (Dist), quantity: 20.0","465f7afa-2e8c-4fc4-8d3d-cff516fcd6ac","","","",""
"2026-01-09T14:50:41.125Z","2026-01-09","DEFAULT","TRADING","BUY","FUND","Core S&P 500 USD (Acc)","IE00B5BMR087","0.1564550000","639.1600000000","-100.00","","","EUR","","","","Savings plan execution IE00B5BMR087 iShares VII plc - iShares Core S&P 500 UCITS ETF USD (Acc), quantity: 0.156455","456dbcaa-6867-4619-8356-613ec7c76b96","","","",""
"2026-01-12T14:40:40.001Z","2026-01-12","DEFAULT","TRADING","BUY","STOCK","Eni","IT0003132476","62.0000000000","16.0500000000","-995.10","-1.00","-1.00","EUR","","","","Buy trade IT0003132476 ENI S.P.A., quantity: 62","edb701db-fdbd-4fa3-9a95-d9e77d1104ba","","","",""
"2026-01-12T14:40:40.014Z","2026-01-12","DEFAULT","TRADING","BUY","STOCK","Eni","IT0003132476","0.3052950000","16.0500000000","-4.90","","-0.01","EUR","","","","Buy trade IT0003132476 ENI S.P.A., quantity: 0.305295","3613e510-79a3-4077-a9bb-3f6b50fbcc09","","","",""
"2026-01-12T14:41:10.316Z","2026-01-12","DEFAULT","TRADING","BUY","STOCK","Exxon Mobil","US30231G1022","0.4571590000","105.7200000000","-48.33","","","EUR","","","","Buy trade US30231G1022 EXXON MOBIL CORP., quantity: 0.457159","4bbb33dd-cdb7-42a7-91d0-742739c73dad","","","",""
"2026-01-12T14:41:10.316Z","2026-01-12","DEFAULT","TRADING","BUY","STOCK","Exxon Mobil","US30231G1022","9.0000000000","105.7200000000","-951.48","-1.00","","EUR","","","","Buy trade US30231G1022 EXXON MOBIL CORP., quantity: 9","85f4cc1b-2bcd-4b66-b35d-8ba7057e88eb","","","",""
"2026-01-12T14:44:26.183869Z","2026-01-12","DEFAULT","CASH","INTEREST_PAYMENT","BOND","Jan. 2029","XS2282095970","","","5.000000","","","EUR","","","","Interest Payment for ISIN XS2282095970","019bb2aa-55c7-702f-8658-bbb2d025cae7","","","",""
"2026-01-16T15:03:27.224Z","2026-01-16","DEFAULT","TRADING","BUY","FUND","Core S&P 500 USD (Acc)","IE00B5BMR087","0.1559080000","641.4000000000","-100.00","","","EUR","","","","Savings plan execution IE00B5BMR087 iShares VII plc - iShares Core S&P 500 UCITS ETF USD (Acc), quantity: 0.155908","a6e6d58f-4b21-4e42-8c90-4d935e0ce91b","","","",""
"2026-01-23T14:51:56.465Z","2026-01-23","DEFAULT","TRADING","BUY","FUND","Core S&P 500 USD (Acc)","IE00B5BMR087","0.1588460000","629.5400000000","-100.00","","","EUR","","","","Savings plan execution IE00B5BMR087 iShares VII plc - iShares Core S&P 500 UCITS ETF USD (Acc), quantity: 0.158846","54fc4ad0-3e4e-4559-9391-c70dc111105e","","","",""
"2026-01-26T16:21:44.760Z","2026-01-26","DEFAULT","TRADING","BUY","FUND","Dez. 2026","IE0007UPSEA3","233.0000000000","4.2742000000","-995.89","-1.00","","EUR","","","","Buy trade IE0007UPSEA3 iShares V plc - iShares iBonds Dec 2026 Term $ Corp UCITS ETF USD (Dist), quantity: 233","a1d3495b-012b-4fe0-bd0d-c93910d99caf","","","",""
"2026-01-26T16:21:44.771Z","2026-01-26","DEFAULT","TRADING","BUY","FUND","Dez. 2026","IE0007UPSEA3","0.9619110000","4.2742000000","-4.11","","","EUR","","","","Buy trade IE0007UPSEA3 iShares V plc - iShares iBonds Dec 2026 Term $ Corp UCITS ETF USD (Dist), quantity: 0.961911","3d20ef99-5455-40e2-9040-b3e42813217f","","","",""
"2026-01-26T16:25:18.975Z","2026-01-26","DEFAULT","TRADING","BUY","BOND","Aug. 2029","XS2800678224","488.0100000000","0.9950000000","-499.99","-1.00","","EUR","","","","Buy trade XS2800678224 , quantity: 488.01","1c2c5e21-6f94-4fc6-89a7-3bd4a391eddd","","","",""
"2026-02-01T05:38:16.820866Z","2026-02-01","DEFAULT","CASH","INTEREST_PAYMENT","","","","","","4.020000","","","EUR","","","","Interest payment for payout collection 019c16f5-82b7-7516-8255-1fc93aec0ca6","019c17b5-8074-764d-bf3b-8a5625425ec0","","","",""
"2026-02-02T14:32:58.026240Z","2026-02-02","DEFAULT","CASH","INTEREST_PAYMENT","BOND","Juli 2030","XS2648489388","","","17.600000","","","EUR","","","","Interest Payment for ISIN XS2648489388","019c1ec5-61aa-7d2c-bf5b-d6b66b7a3c25","","","",""
"2026-02-02T11:42:54.546457Z","2026-02-02","DEFAULT","CASH","INTEREST_PAYMENT","BOND","Aug. 2035","IT0005631590","","","44.310000","","-5.54","EUR","","","","Interest Payment for ISIN IT0005631590","019c1e29-b052-7bec-869a-f7d3c2f8707e","","","",""
"2026-02-02T15:50:47.674Z","2026-02-02","DEFAULT","TRADING","BUY","FUND","Core S&P 500 USD (Acc)","IE00B5BMR087","0.1584980000","630.9200000000","-100.00","","","EUR","","","","Savings plan execution IE00B5BMR087 iShares VII plc - iShares Core S&P 500 UCITS ETF USD (Acc), quantity: 0.158498","7fca899c-390d-4e8c-a8f9-27adc581ee0d","","","",""
"2026-02-02T19:00:42.386Z","2026-02-02","DEFAULT","TRADING","BUY","FUND","FTSE All-World USD (Acc)","IE00BK5BQT80","3.3656430000","148.5600000000","-500.00","","","EUR","","","","Savings plan execution IE00BK5BQT80 Vanguard Funds PLC - Vanguard FTSE All-World UCITS ETF (USD) Accumulating, quantity: 3.365643","e74a457e-e60c-4725-ad15-9759fdd0d852","","","",""
"2026-02-04T10:34:36.944577Z","2026-02-04","DEFAULT","CASH","VIBAN_TRANSFER_INBOUND","","PILLON ERIK","","","","500.000000","","","EUR","","","","Incoming transfer from PILLON ERIK","019c2837-e210-7bf3-833e-f0d474af4a3e","PILLON ERIK","LU780019545510728000","",""
"2026-02-04T13:21:10.332Z","2026-02-04","DEFAULT","TRADING","SELL","STOCK","Exxon Mobil","US30231G1022","-9.0000000000","121.7400000000","1095.66","-1.00","","EUR","","","","Sell trade US30231G1022 EXXON MOBIL CORP., quantity: 9","32bf550a-b6ed-4cb3-97ce-ed21472d73d9","","","",""
"2026-02-04T13:21:10.344Z","2026-02-04","DEFAULT","TRADING","SELL","STOCK","Exxon Mobil","US30231G1022","-0.4571590000","121.7400000000","55.65","","","EUR","","","","Sell trade US30231G1022 EXXON MOBIL CORP., quantity: 0.457159","a78e567e-8314-4182-af85-ebc906e223cb","","","",""
"2026-02-04T13:23:54.205Z","2026-02-04","DEFAULT","TRADING","BUY","STOCK","Novo Nordisk (ADR)","US6701002056","0.6002460000","40.6500000000","-24.40","","","EUR","","","","Buy trade US6701002056 NOVO-NORDISK B ADR/1DK 10, quantity: 0.600246","027fac1b-0d95-484a-98e3-13788a705c8e","","","",""
"2026-02-04T13:23:54.217Z","2026-02-04","DEFAULT","TRADING","BUY","STOCK","Novo Nordisk (ADR)","US6701002056","24.0000000000","40.6500000000","-975.60","-1.00","","EUR","","","","Buy trade US6701002056 NOVO-NORDISK B ADR/1DK 10, quantity: 24.0","dd2ca89d-940a-4c20-9d4b-86517aa46d08","","","",""
"2026-02-09T14:48:54.206Z","2026-02-09","DEFAULT","TRADING","BUY","FUND","Core S&P 500 USD (Acc)","IE00B5BMR087","0.1601330000","624.4800000000","-100.00","","","EUR","","","","Savings plan execution IE00B5BMR087 iShares VII plc - iShares Core S&P 500 UCITS ETF USD (Acc), quantity: 0.160133","b6a7237c-bba8-4e46-b5e8-5da2c1d1a319","","","",""
"2026-02-12T13:12:27.114604Z","2026-02-12","DEFAULT","CASH","DIVIDEND","STOCK","Apple","US0378331005","4.2323920000","","0.920000","","-0.14","EUR","1.09","USD","0.840336","Cash Dividend for ISIN US0378331005","019c51fb-42ea-7be6-aab2-8344e7a7762c","","","",""
"2026-02-16T10:34:18.278Z","2026-02-16","DEFAULT","TRADING","BUY","STOCK","Nitto Boseki","JP3684400009","0.3478260000","114.0000000000","-39.65","","","EUR","","","","Buy trade JP3684400009 NITTO BOSEKI CO LTD, quantity: 0.347826","a9748a4c-00d9-4a68-8d26-242a18fd8da4","","","",""
"2026-02-16T10:34:18.281Z","2026-02-16","DEFAULT","TRADING","BUY","STOCK","Nitto Boseki","JP3684400009","4.0000000000","114.0000000000","-456.00","-1.00","","EUR","","","","Buy trade JP3684400009 NITTO BOSEKI CO LTD, quantity: 4.0","26dc3c11-b54d-4469-8567-2ad70ae15d50","","","",""
"2026-02-16T10:34:59.892Z","2026-02-16","DEFAULT","TRADING","SELL","FUND","Euro Overnight Rate Swap EUR (Dist)","LU0335044896","-7.0000000000","127.1070000000","889.75","-1.00","","EUR","","","","Sell trade LU0335044896 Xtrackers II - Xtrackers II EUR Overnight Rate Swap UCITS ETF 1D, quantity: 7.0","7571ea81-75d2-43f7-9a69-46aa379f4b86","","","",""
"2026-02-16T10:34:59.894Z","2026-02-16","DEFAULT","TRADING","SELL","FUND","Euro Overnight Rate Swap EUR (Dist)","LU0335044896","-0.8557060000","127.1070000000","108.77","","","EUR","","","","Sell trade LU0335044896 Xtrackers II - Xtrackers II EUR Overnight Rate Swap UCITS ETF 1D, quantity: 0.855706","106a6ede-697c-4596-8d26-556e303dd13f","","","",""
"2026-02-16T11:09:58.122Z","2026-02-16","DEFAULT","TRADING","BUY","STOCK","Nitto Boseki","JP3684400009","0.3859640000","114.0000000000","-44.00","","","EUR","","","","Buy trade JP3684400009 NITTO BOSEKI CO LTD, quantity: 0.385964","97479f47-3bb7-4ded-8689-95f416733d16","","","",""
"2026-02-16T11:09:59.239Z","2026-02-16","DEFAULT","TRADING","BUY","STOCK","Nitto Boseki","JP3684400009","4.0000000000","114.0000000000","-456.00","-1.00","","EUR","","","","Buy trade JP3684400009 NITTO BOSEKI CO LTD, quantity: 4.0","fffc393b-fc76-4497-b13a-6c72cdfdda2b","","","",""
"2026-02-16T14:55:35.040Z","2026-02-16","DEFAULT","TRADING","BUY","FUND","Core S&P 500 USD (Acc)","IE00B5BMR087","0.1616910000","618.4600000000","-100.00","","","EUR","","","","Savings plan execution IE00B5BMR087 iShares VII plc - iShares Core S&P 500 UCITS ETF USD (Acc), quantity: 0.161691","779dedd6-9e9a-491d-b596-8be7bd3ec883","","","",""
"2026-02-16T16:04:49.661244Z","2026-02-16","DEFAULT","CASH","INTEREST_PAYMENT","BOND","Aug. 2029","XS2800678224","","","17.690000","","","EUR","","","","Interest Payment for ISIN XS2800678224","019c6732-837d-7c8f-8269-913ea8a23b75","","","",""
"2026-02-17T09:26:30.280Z","2026-02-17","DEFAULT","TRADING","SELL","STOCK","Eni","IT0003132476","-0.3052950000","18.2040000000","5.56","","","EUR","","","","Sell trade IT0003132476 ENI S.P.A., quantity: 0.305295","ce5c0df2-fd10-4723-baed-46d7ef9bb2cb","","","",""
"2026-02-17T09:26:30.281Z","2026-02-17","DEFAULT","TRADING","SELL","STOCK","Eni","IT0003132476","-62.0000000000","18.2040000000","1128.65","-1.00","","EUR","","","","Sell trade IT0003132476 ENI S.P.A., quantity: 62","1b8210f6-5f97-4859-bb67-7acbbe37812f","","","",""
"2026-02-17T09:27:55.844Z","2026-02-17","DEFAULT","TRADING","BUY","STOCK","Argan","US04010E1091","2.8571420000","350.0000000000","-1000.00","-1.00","","EUR","","","","Buy trade US04010E1091 ARGAN INC.         DL-,15, quantity: 2.857142","0f42a6cf-06ec-47ce-bec7-4400b69f79b2","","","",""
"2026-02-17T09:28:38.101Z","2026-02-17","DEFAULT","TRADING","BUY","STOCK","Brinker International","US1096411004","3.0000000000","137.0000000000","-411.00","-1.00","","EUR","","","","Buy trade US1096411004 BRINKER INTERNATIONAL INC., quantity: 3.0","76446852-dc5d-4ff6-ae39-56258ef2ba49","","","",""
"2026-02-17T09:28:38.102Z","2026-02-17","DEFAULT","TRADING","BUY","STOCK","Brinker International","US1096411004","0.6496350000","137.0000000000","-89.00","","","EUR","","","","Buy trade US1096411004 BRINKER INTERNATIONAL INC., quantity: 0.649635","63350212-5657-492c-a9d3-ef1ad9a999d4","","","",""
"2026-02-17T16:57:07.959521Z","2026-02-17","DEFAULT","CASH","INTEREST_PAYMENT","BOND","Aug. 2050","US02079KAF49","","","4.410000","","","EUR","5.23","USD","0.843526","Interest Payment for ISIN US02079KAF49","019c6c88-c277-7eb7-856e-eee3a8220bd5","","","",""
"2026-02-23T14:46:46.347Z","2026-02-23","DEFAULT","TRADING","BUY","FUND","Core S&P 500 USD (Acc)","IE00B5BMR087","0.1595910000","626.6000000000","-100.00","","","EUR","","","","Savings plan execution IE00B5BMR087 iShares VII plc - iShares Core S&P 500 UCITS ETF USD (Acc), quantity: 0.159591","842cd16a-7223-42c5-9733-a27a22d544ac","","","",""
"2026-03-01T06:42:12.190563Z","2026-03-01","DEFAULT","CASH","INTEREST_PAYMENT","","","","","","0.700000","","","EUR","","","","Interest payment for payout collection 019ca745-42af-7300-a39a-1bf51618c626","019ca822-165e-76b8-8d0d-a34e73319a0c","","","",""
"2026-03-02T12:49:35.081Z","2026-03-02","DEFAULT","TRADING","SELL","STOCK","Chevron","US1667641005","-4.0000000000","165.8600000000","663.44","-1.00","","EUR","","","","Sell trade US1667641005 CHEVRON, quantity: 4","f289c689-e682-49ed-a8d7-c8bb289fde0f","","","",""
"2026-03-02T12:49:35.082Z","2026-03-02","DEFAULT","TRADING","SELL","STOCK","Chevron","US1667641005","-0.8571460000","165.8600000000","142.17","","","EUR","","","","Sell trade US1667641005 CHEVRON, quantity: 0.857146","64f1b955-1f19-49a9-8751-0af507763c7b","","","",""
"2026-03-02T12:50:46.961Z","2026-03-02","DEFAULT","TRADING","BUY","STOCK","Applied Optoelectronics","US03823U1025","0.9523800000","84.0000000000","-80.00","","","EUR","","","","Buy trade US03823U1025 APPLIED OPTOELECTRONICS INC., quantity: 0.95238","a0ff26a6-2492-40df-9cc0-7bb34b538efa","","","",""
"2026-03-02T12:50:46.970Z","2026-03-02","DEFAULT","TRADING","BUY","STOCK","Applied Optoelectronics","US03823U1025","5.0000000000","84.0000000000","-420.00","-1.00","","EUR","","","","Buy trade US03823U1025 APPLIED OPTOELECTRONICS INC., quantity: 5.0","d28025c0-8abe-4946-86b8-7724fbe3e5be","","","",""
"2026-03-02T15:17:54.309Z","2026-03-02","DEFAULT","TRADING","BUY","FUND","Core S&P 500 USD (Acc)","IE00B5BMR087","0.1595500000","626.7600000000","-100.00","","","EUR","","","","Savings plan execution IE00B5BMR087 iShares VII plc - iShares Core S&P 500 UCITS ETF USD (Acc), quantity: 0.159550","b6a71606-39f1-4878-bfd7-b985a3b5220d","","","",""
"2026-03-02T16:32:18.867312Z","2026-03-02","DEFAULT","CASH","INTEREST_PAYMENT","BOND","Sept. 2043","IT0005530032","","","55.470000","","-6.93","EUR","","","","Interest Payment for ISIN IT0005530032","019caf64-b5b3-7ea4-b1cf-040f9c09eea2","","","",""
"2026-03-04T09:58:01.968Z","2026-03-04","DEFAULT","TRADING","BUY","BOND","Juni 2032","USU05375AX59","57.1300000000","0.8588940000","-50.00","-1.00","","EUR","","","","Buy trade USU05375AX59 AVIS BUDGET CAR/FINANCE, quantity: 57.13","5cc1ef2c-08ea-404c-879d-86da8b7f1c92","","","",""
"2026-03-04T09:58:56.415Z","2026-03-04","DEFAULT","TRADING","BUY","BOND","Mai 2045","US037833BH21","63.3100000000","0.7778540000","-50.00","-1.00","","EUR","","","","Buy trade US037833BH21 APPLE INC, quantity: 63.31","a135e358-f6b9-4471-bf1a-875c1e000d40","","","",""
"2026-03-04T09:59:29.675Z","2026-03-04","DEFAULT","TRADING","BUY","BOND","Aug. 2040","US912810SQ22","90.2100000000","0.5537240000","-50.00","-1.00","","EUR","","","","Buy trade US912810SQ22 US TREASURY N/B, quantity: 90.21","779f7e5d-009b-4167-81f4-b5940b1853ce","","","",""
"2026-03-04T10:38:37.851848Z","2026-03-04","DEFAULT","CASH","VIBAN_TRANSFER_INBOUND","","PILLON ERIK","","","","500.000000","","","EUR","","","","Incoming transfer from PILLON ERIK","019cb86d-9f1b-73bb-bf36-71ffb6b9ec1d","PILLON ERIK","LU780019545510728000","",""
"2026-03-05T17:13:01.163Z","2026-03-05","DEFAULT","TRADING","SELL","STOCK","Tesla","US88160R1014","-0.0247000000","350.7500000000","8.66","-1.00","","EUR","","","","Sell trade US88160R1014 TESLA INC. DL -,001, quantity: 0.0247","9f5f111d-4c2b-4928-b4d3-a42f2b9d5297","","","",""
"2026-03-09T14:49:36.536Z","2026-03-09","DEFAULT","TRADING","BUY","FUND","Core S&P 500 USD (Acc)","IE00B5BMR087","0.2418490000","620.2200000000","-150.00","","","EUR","","","","Savings plan execution IE00B5BMR087 iShares VII plc - iShares Core S&P 500 UCITS ETF USD (Acc), quantity: 0.241849","f18f3c00-4214-4bef-a0ab-7c5af52720a7","","","",""
"2026-03-11T13:58:58.715231Z","2026-03-11","DEFAULT","CASH","DIVIDEND","STOCK","Chevron","US1667641005","4.8571460000","","7.490000","","-1.13","EUR","8.65","USD","0.865426","Cash Dividend for ISIN US1667641005","019cdd31-8f9b-7511-aa58-efca5757a54b","","","",""
"2026-03-16T14:50:02.743Z","2026-03-16","DEFAULT","TRADING","BUY","STOCK","Planet Labs PBC","US72703X1063","4.7169810000","21.2000000000","-100.00","","","EUR","","","","Savings plan execution US72703X1063 PLANET LABS PBC A  -,0001, quantity: 4.716981","91974a12-7d98-4272-bcb9-19ad301e7aa2","","","",""
"2026-03-16T14:55:29.422Z","2026-03-16","DEFAULT","TRADING","BUY","STOCK","Applied Materials","US0382221051","0.1653160000","302.4500000000","-50.00","","","EUR","","","","Savings plan execution US0382221051 APPLIED MATERIALS INC., quantity: 0.165316","9f0b242f-ab90-4568-b3d2-ef4eb516d066","","","",""
"2026-03-16T14:56:31.652Z","2026-03-16","DEFAULT","TRADING","BUY","STOCK","Alphabet (A)","US02079K3059","0.0944100000","264.8000000000","-25.00","","","EUR","","","","Savings plan execution US02079K3059 ALPHABET INC.CL.A DL-,001, quantity: 0.094410","d625f2fe-30dd-4c59-a0cb-4e7e4a601d1f","","","",""
"2026-03-16T15:03:44.222Z","2026-03-16","DEFAULT","TRADING","BUY","FUND","Core S&P 500 USD (Acc)","IE00B5BMR087","0.2394630000","626.4000000000","-150.00","","","EUR","","","","Savings plan execution IE00B5BMR087 iShares VII plc - iShares Core S&P 500 UCITS ETF USD (Acc), quantity: 0.239463","1be9e856-3a47-4d84-9b41-3c3e6f9fa9d6","","","",""
"2026-03-16T16:23:37.533Z","2026-03-16","DEFAULT","TRADING","BUY","STOCK","Apple","US0378331005","0.1133780000","220.5000000000","-25.00","","","EUR","","","","Savings plan execution US0378331005 APPLE INC., quantity: 0.113378","39f1058d-0b98-49a0-a737-1cae2947ddd7","","","",""
"2026-03-20T15:40:20.407487Z","2026-03-20","DEFAULT","CASH","VIBAN_TRANSFER_INBOUND","","PILLON ERIK","","","","300.000000","","","EUR","","","","Incoming transfer from PILLON ERIK","019d0be7-9837-7675-9516-b0cbf1c94ac8","PILLON ERIK","LU780019545510728000","",""
"2026-03-23T14:48:25.669Z","2026-03-23","DEFAULT","TRADING","BUY","STOCK","Planet Labs PBC","US72703X1063","3.4965030000","28.6000000000","-100.00","","","EUR","","","","Savings plan execution US72703X1063 PLANET LABS PBC A  -,0001, quantity: 3.496503","aa2403a5-fc84-4301-a779-f97dd0bec913","","","",""
"2026-03-23T14:51:27.522Z","2026-03-23","DEFAULT","TRADING","BUY","STOCK","Alphabet (A)","US02079K3059","0.0956570000","261.3500000000","-25.00","","","EUR","","","","Savings plan execution US02079K3059 ALPHABET INC.CL.A DL-,001, quantity: 0.095657","f1d31042-d444-4744-9e8d-4027771e2376","","","",""
"2026-03-23T14:51:53.338Z","2026-03-23","DEFAULT","TRADING","BUY","FUND","Core S&P 500 USD (Acc)","IE00B5BMR087","0.2446980000","613.0000000000","-150.00","","","EUR","","","","Savings plan execution IE00B5BMR087 iShares VII plc - iShares Core S&P 500 UCITS ETF USD (Acc), quantity: 0.244698","3f7111ed-cca4-42e2-96eb-0eab5f60c086","","","",""
"2026-03-23T14:52:09.504Z","2026-03-23","DEFAULT","TRADING","BUY","STOCK","Applied Materials","US0382221051","0.1558840000","320.7500000000","-50.00","","","EUR","","","","Savings plan execution US0382221051 APPLIED MATERIALS INC., quantity: 0.155884","ee08b088-f839-4466-840a-a57ced258979","","","",""
"2026-03-23T15:23:04.419Z","2026-03-23","DEFAULT","TRADING","BUY","STOCK","Apple","US0378331005","0.1150740000","217.2500000000","-25.00","","","EUR","","","","Savings plan execution US0378331005 APPLE INC., quantity: 0.115074","5d6d0931-16d1-4330-bc85-12ac133f1896","","","",""
"2026-03-25T18:33:40.874Z","2026-03-25","DEFAULT","TRADING","SELL","FUND","Dez. 2029","IE000Y247W99","-220.0000000000","4.4270000000","973.94","-1.00","","EUR","","","","Sell trade IE000Y247W99 iShares V plc - iShares iBonds Dec 2029 Term $ Corp UCITS ETF USD (Dist), quantity: 220","b2e0fe39-0c81-4a39-b21f-b07b3460f8dd","","","",""
"2026-03-25T18:33:41.876Z","2026-03-25","DEFAULT","TRADING","SELL","FUND","Dez. 2029","IE000Y247W99","-0.7602460000","4.4270000000","3.37","","","EUR","","","","Sell trade IE000Y247W99 iShares V plc - iShares iBonds Dec 2029 Term $ Corp UCITS ETF USD (Dist), quantity: 0.760246","7478086a-654e-4382-9bd7-af71685b8e9a","","","",""
"2026-03-25T18:34:38.679Z","2026-03-25","DEFAULT","TRADING","BUY","FUND","Core S&P 500 USD (Acc)","IE00B5BMR087","1.0000000000","612.7600000000","-612.76","-1.00","","EUR","","","","Buy trade IE00B5BMR087 iShares VII plc - iShares Core S&P 500 UCITS ETF USD (Acc), quantity: 1","c019643b-0c51-4048-9e0d-2081a252c39a","","","",""
"2026-03-25T18:34:38.680Z","2026-03-25","DEFAULT","TRADING","BUY","FUND","Core S&P 500 USD (Acc)","IE00B5BMR087","0.2239700000","612.7600000000","-137.24","","","EUR","","","","Buy trade IE00B5BMR087 iShares VII plc - iShares Core S&P 500 UCITS ETF USD (Acc), quantity: 0.22397","c42b8645-2356-460f-b5e5-565aa0cd3412","","","",""
"2026-03-25T18:34:46.348449Z","2026-03-25","DEFAULT","CASH","BONUS","","","","","","-1.810000","","","EUR","","","","(cancellation)  Fixed income bonus 08c9eb32-34b2-4ad9-9ad8-67e38d204c58 for buy order: 753b7a10-0eff-4bc3-b09b-e0f79481b07c","019d2647-16cc-7784-a198-831d26532120","","","",""
"2026-03-31T09:21:02.952417Z","2026-03-31","DEFAULT","CASH","DIVIDEND","FUND","Dez. 2026","IE0007UPSEA3","233.9619110000","","11.740000","","","EUR","13.48","USD","0.870777","Cash Dividend for ISIN IE0007UPSEA3","019d4332-4be8-7814-ae20-dea29c744214","","","",""
"2026-03-31T12:42:57.972239Z","2026-03-31","DEFAULT","CASH","DIVIDEND","FUND","Dez. 2029","IE000Y247W99","220.7602460000","","11.150000","","","EUR","12.80","USD","0.870777","Cash Dividend for ISIN IE000Y247W99","019d43eb-2834-72c9-a084-ddf4155d38df","","","",""
"2026-04-01T15:01:07.355861Z","2026-04-01","DEFAULT","CASH","DIVIDEND","STOCK","Coca-Cola","US1912161007","5.1699210000","","2.380000","","-0.36","EUR","2.74","USD","0.869716","Cash Dividend for ISIN US1912161007","019d4990-009b-78fa-b091-9690649d169d","","","",""
"2026-04-01T05:47:02.554085Z","2026-04-01","DEFAULT","CASH","INTEREST_PAYMENT","","","","","","0.800000","","","EUR","","","","Interest payment for payout collection 019d46c6-7cf5-7240-8565-5e93d96b2679","019d4794-ba1a-7d7d-bc28-93428c0a636a","","","",""
"2026-04-02T13:48:55.575Z","2026-04-02","DEFAULT","TRADING","BUY","STOCK","Planet Labs PBC","US72703X1063","3.5460990000","28.2000000000","-100.00","","","EUR","","","","Savings plan execution US72703X1063 PLANET LABS PBC A  -,0001, quantity: 3.546099","2e4d2df7-3144-4417-92ed-68d300129c20","","","",""
"2026-04-02T13:52:31.150Z","2026-04-02","DEFAULT","TRADING","BUY","STOCK","Applied Materials","US0382221051","0.1678130000","297.9500000000","-50.00","","","EUR","","","","Savings plan execution US0382221051 APPLIED MATERIALS INC., quantity: 0.167813","7c7ed482-54ff-418f-92bb-a8715646178b","","","",""
"2026-04-02T14:04:58.894Z","2026-04-02","DEFAULT","TRADING","BUY","STOCK","Alphabet (A)","US02079K3059","0.0983280000","254.2500000000","-25.00","","","EUR","","","","Savings plan execution US02079K3059 ALPHABET INC.CL.A DL-,001, quantity: 0.098328","7fb76fa9-59b9-452a-bd23-27c785b6dcbe","","","",""
"2026-04-02T14:38:49.279Z","2026-04-02","DEFAULT","TRADING","BUY","FUND","Core S&P 500 USD (Acc)","IE00B5BMR087","0.2469210000","607.4800000000","-150.00","","","EUR","","","","Savings plan execution IE00B5BMR087 iShares VII plc - iShares Core S&P 500 UCITS ETF USD (Acc), quantity: 0.246921","f0d9c855-b89c-44b8-b29a-c721f37f1fc8","","","",""
"2026-04-02T15:26:28.154Z","2026-04-02","DEFAULT","TRADING","BUY","STOCK","Apple","US0378331005","0.1142850000","218.7500000000","-25.00","","","EUR","","","","Savings plan execution US0378331005 APPLE INC., quantity: 0.114285","39bc4318-5ab7-491f-ab81-2fe18a34a5e5","","","",""
"2026-04-07T09:59:09.979618Z","2026-04-07","DEFAULT","CASH","VIBAN_TRANSFER_INBOUND","","PILLON ERIK","","","","750.000000","","","EUR","","","","Incoming transfer from PILLON ERIK","019d6761-b59b-7828-9514-805a1bf3735e","PILLON ERIK","LU780019545510728000","",""
"2026-04-08T08:05:23.947444Z","2026-04-08","DEFAULT","CASH","DIVIDEND","STOCK","Novo Nordisk (ADR)","US6701002056","24.6002460000","","18.910000","","","EUR","21.85","USD","0.865276","Cash Dividend for ISIN US6701002056","019d6c1f-e96b-785f-b675-3154e1a00b08","","","",""
"2026-04-09T13:48:24.597Z","2026-04-09","DEFAULT","TRADING","BUY","STOCK","Planet Labs PBC","US72703X1063","3.1847130000","31.4000000000","-100.00","","","EUR","","","","Savings plan execution US72703X1063 PLANET LABS PBC A  -,0001, quantity: 3.184713","052bca25-19d4-462f-8bf0-9ba9c0dbb37b","","","",""
"2026-04-09T13:51:33.790Z","2026-04-09","DEFAULT","TRADING","BUY","STOCK","Alphabet (A)","US02079K3059","0.0932310000","268.1500000000","-25.00","","","EUR","","","","Savings plan execution US02079K3059 ALPHABET INC.CL.A DL-,001, quantity: 0.093231","eedfff4d-8460-4ad0-a48f-b40a8d368a02","","","",""
"2026-04-09T13:52:04.394Z","2026-04-09","DEFAULT","TRADING","BUY","STOCK","Applied Materials","US0382221051","0.1490310000","335.5000000000","-50.00","","","EUR","","","","Savings plan execution US0382221051 APPLIED MATERIALS INC., quantity: 0.149031","d2e62969-f3ed-4de5-87d3-8ee8f881f0a4","","","",""
"2026-04-09T13:55:19.561Z","2026-04-09","DEFAULT","TRADING","BUY","FUND","Core S&P 500 USD (Acc)","IE00B5BMR087","0.2407620000","623.0200000000","-150.00","","","EUR","","","","Savings plan execution IE00B5BMR087 iShares VII plc - iShares Core S&P 500 UCITS ETF USD (Acc), quantity: 0.240762","081b5a18-841b-4907-bc93-893e750a27f6","","","",""
"2026-04-09T14:20:12.177Z","2026-04-09","DEFAULT","TRADING","BUY","STOCK","Apple","US0378331005","0.1131730000","220.9000000000","-25.00","","","EUR","","","","Savings plan execution US0378331005 APPLE INC., quantity: 0.113173","6056042a-ebf0-4387-8e29-cdc8049a5ba1","","","",""
"2026-04-16T13:48:40.985Z","2026-04-16","DEFAULT","TRADING","BUY","STOCK","Planet Labs PBC","US72703X1063","3.0864190000","32.4000000000","-100.00","","","EUR","","","","Savings plan execution US72703X1063 PLANET LABS PBC A  -,0001, quantity: 3.086419","a6c6cce7-d466-4656-a289-ca01c0be8fff","","","",""
"2026-04-16T13:52:09.646Z","2026-04-16","DEFAULT","TRADING","BUY","STOCK","Applied Materials","US0382221051","0.1521830000","328.5500000000","-50.00","","","EUR","","","","Savings plan execution US0382221051 APPLIED MATERIALS INC., quantity: 0.152183","7264a74d-98fc-410b-b3c8-6c1d158537af","","","",""
"2026-04-16T13:54:38.144Z","2026-04-16","DEFAULT","TRADING","BUY","STOCK","Alphabet (A)","US02079K3059","0.0874120000","286.0000000000","-25.00","","","EUR","","","","Savings plan execution US02079K3059 ALPHABET INC.CL.A DL-,001, quantity: 0.087412","4e1752a3-3cc4-4567-80d8-fe9ee20d4ccb","","","",""
"2026-04-16T15:13:21.321Z","2026-04-16","DEFAULT","TRADING","BUY","FUND","Core S&P 500 USD (Acc)","IE00B5BMR087","0.2343230000","640.1400000000","-150.00","","","EUR","","","","Savings plan execution IE00B5BMR087 iShares VII plc - iShares Core S&P 500 UCITS ETF USD (Acc), quantity: 0.234323","45314ace-890c-4d07-88b7-d730d356aaca","","","",""
"2026-04-16T15:26:16.078Z","2026-04-16","DEFAULT","TRADING","BUY","STOCK","Apple","US0378331005","0.1123340000","222.5500000000","-25.00","","","EUR","","","","Savings plan execution US0378331005 APPLE INC., quantity: 0.112334","d3fb214f-7873-477a-9311-e85e34c9ca8b","","","",""
"2026-04-21T18:46:50.972659Z","2026-04-21","DEFAULT","CASH","VIBAN_TRANSFER_INBOUND","","PILLON ERIK","","","","200.000000","","","EUR","","","","Incoming transfer from PILLON ERIK","019db15d-d95c-762e-886e-136115e05178","PILLON ERIK","LU780019545510728000","",""
"2026-04-22T07:42:36.100Z","2026-04-22","DEFAULT","TRADING","SELL","BOND","Sept. 2043","IT0005530032","-2000.0000000000","1.0250000000","2063.06","-1.00","","EUR","","","","Sell trade IT0005530032 ITALIEN 23/43, quantity: 2000.0","af679b88-69a5-4b75-b603-629733691f6a","","","",""
"2026-04-22T07:42:36.100Z","2026-04-22","DEFAULT","TRADING","SELL","BOND","Sept. 2043","IT0005530032","-492.9300000000","1.0250000000","508.47","","","EUR","","","","Sell trade IT0005530032 ITALIEN 23/43, quantity: 492.93","12fddc7e-3367-43c6-aacc-ad0621836aec","","","",""
"2026-04-22T07:46:27.695Z","2026-04-22","DEFAULT","TRADING","BUY","STOCK","Leonardo-Finmeccanica","IT0003856405","27.5077930000","54.5400000000","-1500.28","-1.00","-6.00","EUR","","","","Buy trade IT0003856405 LEONARDO S.P.A.   EO 4,40, quantity: 27.507793","0b07a922-9753-4040-9a8e-e1cfed13f399","","","",""
"2026-04-23T13:48:31.580Z","2026-04-23","DEFAULT","TRADING","BUY","STOCK","Planet Labs PBC","US72703X1063","3.0864190000","32.4000000000","-100.00","","","EUR","","","","Savings plan execution US72703X1063 PLANET LABS PBC A  -,0001, quantity: 3.086419","019da9be-e319-4ff7-ad77-643ac8c42944","","","",""
"2026-04-23T13:51:20.763Z","2026-04-23","DEFAULT","TRADING","BUY","STOCK","Alphabet (A)","US02079K3059","0.0859990000","290.7000000000","-25.00","","","EUR","","","","Savings plan execution US02079K3059 ALPHABET INC.CL.A DL-,001, quantity: 0.085999","b00ba74e-00e8-4d62-a0e7-db0727bfc3de","","","",""
"2026-04-23T13:52:06.119Z","2026-04-23","DEFAULT","TRADING","BUY","STOCK","Applied Materials","US0382221051","0.1419240000","352.3000000000","-50.00","","","EUR","","","","Savings plan execution US0382221051 APPLIED MATERIALS INC., quantity: 0.141924","99c0baac-f85a-4b7c-a18f-9a0880577e89","","","",""
"2026-04-23T14:13:39.886Z","2026-04-23","DEFAULT","TRADING","BUY","FUND","Core S&P 500 USD (Acc)","IE00B5BMR087","0.2290770000","654.8000000000","-150.00","","","EUR","","","","Savings plan execution IE00B5BMR087 iShares VII plc - iShares Core S&P 500 UCITS ETF USD (Acc), quantity: 0.229077","2af36896-4b0e-4f7f-a800-98859692bad7","","","",""
"2026-04-23T14:20:35.561Z","2026-04-23","DEFAULT","TRADING","BUY","STOCK","Apple","US0378331005","0.1066090000","234.5000000000","-25.00","","","EUR","","","","Savings plan execution US0378331005 APPLE INC., quantity: 0.106609","2df147fc-0f4c-4860-b169-bdc775ecffe9","","","",""
"2026-04-30T18:09:37.117479Z","2026-04-30","DEFAULT","CASH","DIVIDEND","STOCK","Argan","US04010E1091","2.8571420000","","1.220000","","-0.18","EUR","1.43","USD","0.854263","Cash Dividend for ISIN US04010E1091","019ddf94-ff5d-7d2d-9668-67b7bc12b0b9","","","",""
"2026-05-01T02:37:34.544129Z","2026-05-01","DEFAULT","CASH","INTEREST_PAYMENT","","","","","","0.950000","","","EUR","","","","Interest payment for payout collection 019de131-6af0-77a5-b8f5-df24e8055cb0","019de166-0bd0-7008-9e06-7832769f144a","","","",""
"2026-05-04T11:13:06.580643Z","2026-05-04","DEFAULT","CASH","VIBAN_TRANSFER_INBOUND","","PILLON ERIK","","","","750.000000","","","EUR","","","","Incoming transfer from PILLON ERIK (LU780019545510728000)","019df2b1-1c14-7bb7-a8e2-5f0fd2f76174","PILLON ERIK","LU780019545510728000","",""
"2026-05-04T13:48:32.325Z","2026-05-04","DEFAULT","TRADING","BUY","STOCK","Planet Labs PBC","US72703X1063","3.2051280000","31.2000000000","-100.00","","","EUR","","","","Savings plan execution US72703X1063 PLANET LABS PBC A  -,0001, quantity: 3.205128","2819849d-c27b-44a5-af77-236d769f7276","","","",""
"2026-05-04T13:52:27.751Z","2026-05-04","DEFAULT","TRADING","BUY","STOCK","Applied Materials","US0382221051","0.1475570000","338.8500000000","-50.00","","","EUR","","","","Savings plan execution US0382221051 APPLIED MATERIALS INC., quantity: 0.147557","5ef95554-4f86-47b5-ba28-f5c5904728e5","","","",""
"2026-05-04T13:54:32.427Z","2026-05-04","DEFAULT","TRADING","BUY","STOCK","Alphabet (A)","US02079K3059","0.0767100000","325.9000000000","-25.00","","","EUR","","","","Savings plan execution US02079K3059 ALPHABET INC.CL.A DL-,001, quantity: 0.076710","22d7357b-8dff-4d1b-88a7-fd7e5cffdd54","","","",""
"2026-05-04T16:10:54.157Z","2026-05-04","DEFAULT","TRADING","BUY","FUND","Core S&P 500 USD (Acc)","IE00B5BMR087","0.2259850000","663.7600000000","-150.00","","","EUR","","","","Savings plan execution IE00B5BMR087 iShares VII plc - iShares Core S&P 500 UCITS ETF USD (Acc), quantity: 0.225985","2de9ae5a-0b41-4bd9-bc3c-ea8bc125d1b9","","","",""
"2026-05-04T16:22:12.821Z","2026-05-04","DEFAULT","TRADING","BUY","STOCK","Apple","US0378331005","0.1059320000","236.0000000000","-25.00","","","EUR","","","","Savings plan execution US0378331005 APPLE INC., quantity: 0.105932","8071de55-fb4f-46dd-9b53-d81f409aa8d9","","","",""
"2026-05-11T13:48:29.456Z","2026-05-11","DEFAULT","TRADING","BUY","STOCK","Planet Labs PBC","US72703X1063","2.9761900000","33.6000000000","-100.00","","","EUR","","","","Savings plan execution US72703X1063 PLANET LABS PBC A  -,0001, quantity: 2.976190","c83a2588-f33d-4389-9e91-1734854d5cc8","","","",""
"2026-05-11T13:51:14.103Z","2026-05-11","DEFAULT","TRADING","BUY","STOCK","Alphabet (A)","US02079K3059","0.0742830000","336.5500000000","-25.00","","","EUR","","","","Savings plan execution US02079K3059 ALPHABET INC.CL.A DL-,001, quantity: 0.074283","3180b6f8-9204-43cd-9693-c0ee4526580a","","","",""
"2026-05-11T13:52:05.942Z","2026-05-11","DEFAULT","TRADING","BUY","STOCK","Applied Materials","US0382221051","0.1328720000","376.3000000000","-50.00","","","EUR","","","","Savings plan execution US0382221051 APPLIED MATERIALS INC., quantity: 0.132872","e116f666-2cec-49af-bff4-08c47f3319d0","","","",""
"2026-05-11T14:14:17.471Z","2026-05-11","DEFAULT","TRADING","BUY","FUND","Core S&P 500 USD (Acc)","IE00B5BMR087","0.2219260000","675.9000000000","-150.00","","","EUR","","","","Savings plan execution IE00B5BMR087 iShares VII plc - iShares Core S&P 500 UCITS ETF USD (Acc), quantity: 0.221926","670b25e1-dd85-4877-8482-9c10229e6e54","","","",""
"2026-05-11T14:23:49.968Z","2026-05-11","DEFAULT","TRADING","BUY","STOCK","Apple","US0378331005","0.1006230000","248.4500000000","-25.00","","","EUR","","","","Savings plan execution US0378331005 APPLE INC., quantity: 0.100623","e2089084-8cdb-4d61-9522-ddb531a13dc8","","","",""
"2026-05-12T08:33:42.098Z","2026-05-12","DEFAULT","TRADING","SELL","BOND","Jan. 2029","XS2282095970","-1000.0000000000","0.9272000000","928.87","-1.00","","EUR","","","","Sell trade XS2282095970 VOLKSWAGEN LEASING 21/29, quantity: 1000","5423e6d9-d8bb-4d58-aba6-5a3f8f6f5855","","","",""
"2026-05-13T09:18:49.128253Z","2026-05-13","DEFAULT","CASH","INTEREST_PAYMENT","BOND","Mai 2045","US037833BH21","","","1.180000","","","EUR","1.39","USD","0.851934","Interest Payment for ISIN US037833BH21","019e20a1-b528-71cf-9c76-81ec07349e18","","","",""
"2026-05-14T08:06:55.701124Z","2026-05-14","DEFAULT","CASH","DIVIDEND","STOCK","Apple","US0378331005","5.0131770000","","1.150000","","-0.17","EUR","1.35","USD","0.853606","Cash Dividend for ISIN US0378331005","019e2586-3fd5-7b10-878a-eceec2609172","","","",""
"2026-05-14T08:39:16.223982Z","2026-05-14","DEFAULT","CASH","INTEREST_PAYMENT","BOND","Aug. 2029","XS2800678224","","","17.690000","","","EUR","","","","Interest Payment for ISIN XS2800678224","019e25a3-dbff-7da4-a495-f3c368859a18","","","",""
"2026-05-18T13:48:38.994Z","2026-05-18","DEFAULT","TRADING","BUY","STOCK","Planet Labs PBC","US72703X1063","2.7472520000","36.4000000000","-100.00","","","EUR","","","","Savings plan execution US72703X1063 PLANET LABS PBC A  -,0001, quantity: 2.747252","3786a2fa-7251-480a-b1ed-5f99782b9f6c","","","",""
"2026-05-18T13:52:10.738Z","2026-05-18","DEFAULT","TRADING","BUY","STOCK","Applied Materials","US0382221051","0.1380070000","362.3000000000","-50.00","","","EUR","","","","Savings plan execution US0382221051 APPLIED MATERIALS INC., quantity: 0.138007","1121ac96-f62b-40f0-aeb0-b95305371e7f","","","",""
"2026-05-18T13:55:20.135Z","2026-05-18","DEFAULT","TRADING","BUY","STOCK","Alphabet (A)","US02079K3059","0.0719110000","347.6500000000","-25.00","","","EUR","","","","Savings plan execution US02079K3059 ALPHABET INC.CL.A DL-,001, quantity: 0.071911","8b00b88c-ebdd-409e-b27e-6a4a001ff356","","","",""
"2026-05-18T14:49:01.744Z","2026-05-18","DEFAULT","TRADING","BUY","FUND","Core S&P 500 USD (Acc)","IE00B5BMR087","0.2189070000","685.2201000000","-150.00","","","EUR","","","","Savings plan execution IE00B5BMR087 iShares VII plc - iShares Core S&P 500 UCITS ETF USD (Acc), quantity: 0.218907","3a73ad0c-2993-4bb2-b445-18fccefd67f4","","","",""
"2026-05-18T15:06:52.597Z","2026-05-18","DEFAULT","TRADING","BUY","STOCK","Apple","US0378331005","0.0976560000","256.0000000000","-25.00","","","EUR","","","","Savings plan execution US0378331005 APPLE INC., quantity: 0.097656","9414f13f-b9be-4b3d-bff0-dc67b89b0f2f","","","",""
"2026-05-18T15:51:29.348Z","2026-05-18","DEFAULT","TRADING","BUY","STOCK","Nasdaq","US6311031081","2.5094100000","79.7000000000","-200.00","","","EUR","","","","Savings plan execution US6311031081 NASDAQ INC.       DL -,01, quantity: 2.509410","6cc88faf-d41a-4c86-b8a5-c04e33500347","","","",""
"2026-05-25T13:48:30.294Z","2026-05-25","DEFAULT","TRADING","BUY","STOCK","Planet Labs PBC","US72703X1063","2.3923440000","41.8000000000","-100.00","","","EUR","","","","Savings plan execution US72703X1063 PLANET LABS PBC A  -,0001, quantity: 2.392344","b71d9555-2a89-4a18-ba89-e14bdba94561","","","",""
"2026-05-25T13:51:41.991Z","2026-05-25","DEFAULT","TRADING","BUY","STOCK","Alphabet (A)","US02079K3059","0.0745710000","335.2500000000","-25.00","","","EUR","","","","Savings plan execution US02079K3059 ALPHABET INC.CL.A DL-,001, quantity: 0.074571","2f55bef2-911c-4a69-a151-6fe09e118a3c","","","",""
"2026-05-25T13:52:06.400Z","2026-05-25","DEFAULT","TRADING","BUY","STOCK","Applied Materials","US0382221051","0.1306670000","382.6500000000","-50.00","","","EUR","","","","Savings plan execution US0382221051 APPLIED MATERIALS INC., quantity: 0.130667","b41e9633-1810-45bc-b9b6-f9d794ebb235","","","",""
"2026-05-25T14:14:55.435Z","2026-05-25","DEFAULT","TRADING","BUY","FUND","Core S&P 500 USD (Acc)","IE00B5BMR087","0.2151460000","697.2000000000","-150.00","","","EUR","","","","Savings plan execution IE00B5BMR087 iShares VII plc - iShares Core S&P 500 UCITS ETF USD (Acc), quantity: 0.215146","3daaa8bd-8bf9-4196-b459-607379c23143","","","",""
"2026-05-25T14:20:02.296Z","2026-05-25","DEFAULT","TRADING","BUY","STOCK","Apple","US0378331005","0.0934920000","267.4000000000","-25.00","","","EUR","","","","Savings plan execution US0378331005 APPLE INC., quantity: 0.093492","40f4e60a-ff80-4d9d-8124-4a3a98b7b69b","","","",""
"2026-05-25T14:38:10.291Z","2026-05-25","DEFAULT","TRADING","BUY","STOCK","Nasdaq","US6311031081","2.5157230000","79.5000000000","-200.00","","","EUR","","","","Savings plan execution US6311031081 NASDAQ INC.       DL -,01, quantity: 2.515723","97ffbfb1-b927-48eb-8ae2-a990ccc29065","","","",""
"2026-06-01T04:19:06.456318Z","2026-06-01","DEFAULT","CASH","INTEREST_PAYMENT","","","","","","2.450000","","","EUR","","","","Interest payment for payout collection 019e80ec-a634-7d1e-8839-d17e46455cbe","019e8168-2458-794d-a54c-f7b337b7d444","","","",""
"2026-06-01T04:35:02.734965Z","2026-06-01","DEFAULT","CASH","INTEREST_PAYMENT","BOND","Dez. 2028","IT0005340929","","","6.940000","","-0.87","EUR","","","","Interest Payment for ISIN IT0005340929","019e8176-bbce-718c-b6ef-75c1ab6acd50","","","",""
"2026-06-02T13:48:42.121Z","2026-06-02","DEFAULT","TRADING","BUY","STOCK","Planet Labs PBC","US72703X1063","2.3696680000","42.2000000000","-100.00","","","EUR","","","","Savings plan execution US72703X1063 PLANET LABS PBC A  -,0001, quantity: 2.369668","530c86e9-0fe1-4fb4-9aca-e6e3a617a265","","","",""
"2026-06-02T13:52:41.894Z","2026-06-02","DEFAULT","TRADING","BUY","STOCK","Applied Materials","US0382221051","0.1220850000","409.5500000000","-50.00","","","EUR","","","","Savings plan execution US0382221051 APPLIED MATERIALS INC., quantity: 0.122085","83e659c1-5b89-4c9e-802d-ae676b14d246","","","",""
"2026-06-02T13:54:28.744Z","2026-06-02","DEFAULT","TRADING","BUY","STOCK","Alphabet (A)","US02079K3059","0.0803470000","311.1500000000","-25.00","","","EUR","","","","Savings plan execution US02079K3059 ALPHABET INC.CL.A DL-,001, quantity: 0.080347","15d842ac-6a59-4e2a-8fc8-410e018cc113","","","",""
"2026-06-02T15:35:10.983Z","2026-06-02","DEFAULT","TRADING","BUY","FUND","Core S&P 500 USD (Acc)","IE00B5BMR087","0.2136140000","702.2000000000","-150.00","","","EUR","","","","Savings plan execution IE00B5BMR087 iShares VII plc - iShares Core S&P 500 UCITS ETF USD (Acc), quantity: 0.213614","3fb6680c-e8eb-4a87-97c2-3917693704d6","","","",""
"2026-06-02T15:38:10.764Z","2026-06-02","DEFAULT","TRADING","BUY","STOCK","Apple","US0378331005","0.0940730000","265.7500000000","-25.00","","","EUR","","","","Savings plan execution US0378331005 APPLE INC., quantity: 0.094073","630c3479-9d90-49f5-9633-e6ae6ca2b731","","","",""
"2026-06-02T17:16:19.432Z","2026-06-02","DEFAULT","TRADING","BUY","STOCK","Nasdaq","US6311031081","2.6560420000","75.3000000000","-200.00","","","EUR","","","","Savings plan execution US6311031081 NASDAQ INC.       DL -,01, quantity: 2.656042","9f03d8cf-0c27-43cb-b14f-0fd074997e06","","","",""
"2026-06-04T09:41:44.555688Z","2026-06-04","DEFAULT","CASH","VIBAN_TRANSFER_INBOUND","","PILLON ERIK","","","","750.000000","","","EUR","","","","Incoming transfer from PILLON ERIK (LU780019545510728000)","019e9202-99eb-728e-94a5-24eca5813e52","PILLON ERIK","LU780019545510728000","",""
"2026-06-08T12:25:47.140Z","2026-06-08","DEFAULT","TRADING","BUY","STOCK","Planet Labs PBC","US72703X1063","16.7785230000","29.8000000000","-500.00","-1.00","","EUR","","","","Buy trade US72703X1063 PLANET LABS PBC A  -,0001, quantity: 16.778523","045e9759-013a-4f1b-a29f-b092e73b6205","","","",""
"2026-06-09T13:48:31.853Z","2026-06-09","DEFAULT","TRADING","BUY","STOCK","Planet Labs PBC","US72703X1063","3.4013600000","29.4000000000","-100.00","","","EUR","","","","Savings plan execution US72703X1063 PLANET LABS PBC A  -,0001, quantity: 3.401360","b258e50c-06ef-43c8-8d70-902644d88eea","","","",""
"2026-06-09T13:52:11.177Z","2026-06-09","DEFAULT","TRADING","BUY","STOCK","Applied Materials","US0382221051","0.1103140000","453.2500000000","-50.00","","","EUR","","","","Savings plan execution US0382221051 APPLIED MATERIALS INC., quantity: 0.110314","202e8242-0ee4-4390-ba2c-e1d2ff44e12a","","","",""
"2026-06-09T13:52:28.601Z","2026-06-09","DEFAULT","TRADING","BUY","STOCK","Alphabet (A)","US02079K3059","0.0780270000","320.4000000000","-25.00","","","EUR","","","","Savings plan execution US02079K3059 ALPHABET INC.CL.A DL-,001, quantity: 0.078027","5065b3e4-f05d-4fe3-87d5-2ce728ef05c5","","","",""
"2026-06-09T14:21:11.894Z","2026-06-09","DEFAULT","TRADING","BUY","STOCK","Apple","US0378331005","0.0987550000","253.1500000000","-25.00","","","EUR","","","","Savings plan execution US0378331005 APPLE INC., quantity: 0.098755","4ccd6945-44db-4eef-b277-a5142d640744","","","",""
"2026-06-09T14:21:47.368Z","2026-06-09","DEFAULT","TRADING","BUY","FUND","Core S&P 500 USD (Acc)","IE00B5BMR087","0.2173030000","690.2800000000","-150.00","","","EUR","","","","Savings plan execution IE00B5BMR087 iShares VII plc - iShares Core S&P 500 UCITS ETF USD (Acc), quantity: 0.217303","dbd093b4-89ca-4e47-b2bb-426fc168a120","","","",""
"2026-06-09T14:39:01.012Z","2026-06-09","DEFAULT","TRADING","BUY","STOCK","Nasdaq","US6311031081","2.6455020000","75.6000000000","-200.00","","","EUR","","","","Savings plan execution US6311031081 NASDAQ INC.       DL -,01, quantity: 2.645502","5077b68c-e399-4f91-8061-e73075b8ae67","","","",""
"2026-06-11T08:58:06.392635Z","2026-06-11","DEFAULT","CASH","DIVIDEND","STOCK","Applied Materials","US0382221051","1.3505870000","","0.620000","","-0.10","EUR","0.72","USD","0.866626","Cash Dividend for ISIN US0382221051","019eb5e7-2ab8-73f1-b102-48d429289c54","","","",""
"2026-06-12T10:41:51.589597Z","2026-06-12","DEFAULT","CASH","INTEREST_PAYMENT","BOND","Juni 2030","XS3091660194","","","69.800000","","","EUR","","","","Interest Payment for ISIN XS3091660194","019ebb6c-83e5-71b4-aee0-129bb39be5f7","","","",""
"2026-06-12T16:58:23.078Z","2026-06-12","DEFAULT","TRADING","SELL","BOND","Aug. 2035","IT0005631590","-427.8000000000","1.0005000000","433.84","","","EUR","","","","Sell trade IT0005631590 ITALIEN 25/35, quantity: 427.8","56fed241-e28e-4c6f-9c64-a94c7320dc2c","","","",""
"2026-06-12T16:58:23.081Z","2026-06-12","DEFAULT","TRADING","SELL","BOND","Aug. 2035","IT0005631590","-2000.0000000000","1.0005000000","2028.22","-1.00","","EUR","","","","Sell trade IT0005631590 ITALIEN 25/35, quantity: 2000.0","0803e2a7-a92f-498c-a7bb-8a7ca6af8262","","","",""
"2026-06-15T11:15:20.914964Z","2026-06-15","DEFAULT","CASH","DIVIDEND","STOCK","Alphabet (A)","US02079K3059","0.9328590000","","0.180000","","-0.03","EUR","0.21","USD","0.864528","Cash Dividend for ISIN US02079K3059","019ecafe-40d2-72ba-a0e5-bf4fed958d1b","","","",""
"2026-06-15T11:58:59.838Z","2026-06-15","DEFAULT","TRADING","BUY","STOCK","Planet Labs PBC","US72703X1063","17.9856110000","27.8000000000","-500.00","-1.00","","EUR","","","","Buy trade US72703X1063 PLANET LABS PBC A  -,0001, quantity: 17.985611","9e1f35af-c68a-4231-9dda-40336007cf7c","","","",""
"2026-06-15T12:00:34.303Z","2026-06-15","DEFAULT","TRADING","BUY","STOCK","Nitto Boseki","JP3684400009","4.7169810000","106.0000000000","-500.00","-1.00","","EUR","","","","Buy trade JP3684400009 NITTO BOSEKI CO LTD, quantity: 4.716981","a59d4927-e3ed-4194-9a78-26f89925221d","","","",""
"2026-06-15T12:01:31.467Z","2026-06-15","DEFAULT","TRADING","SELL","BOND","Aug. 2050","US02079KAF49","-510.4000000000","0.4602750000","237.97","-1.00","","EUR","","","","Sell trade US02079KAF49 ALPHABET INC, quantity: 510.4","876ef7ea-0db0-4a9c-91de-428c69f1b8ae","","","",""
"2026-06-15T12:02:38.977212Z","2026-06-15","DEFAULT","CASH","BONUS","","","","","","-0.400000","","","EUR","","","","(cancellation)  Fixed income bonus 37f81e25-1137-4850-a0db-96ddfc138efc for buy order: af0eac5a-ee71-49e4-b053-a3272de86051","019ecb29-8f01-778e-954c-dc3ea9b6b45a","","","",""
"2026-06-16T13:52:40.106Z","2026-06-16","DEFAULT","TRADING","BUY","STOCK","Applied Materials","US0382221051","0.0980390000","510.0000000000","-50.00","","","EUR","","","","Savings plan execution US0382221051 APPLIED MATERIALS INC., quantity: 0.098039","f183ea3f-b3aa-4ffb-be01-7d0ceea04529","","","",""
"2026-06-16T13:54:00.744Z","2026-06-16","DEFAULT","TRADING","BUY","STOCK","Alphabet (A)","US02079K3059","0.0786160000","318.0000000000","-25.00","","","EUR","","","","Savings plan execution US02079K3059 ALPHABET INC.CL.A DL-,001, quantity: 0.078616","f39d9853-fc26-44ad-b037-7ef163786206","","","",""
"2026-06-16T14:39:37.009Z","2026-06-16","DEFAULT","TRADING","BUY","STOCK","Apple","US0378331005","0.0973890000","256.7000000000","-25.00","","","EUR","","","","Savings plan execution US0378331005 APPLE INC., quantity: 0.097389","b7c8eed2-fbba-473c-b9f3-1746a28fbe80","","","",""
"2026-06-16T14:41:45.027Z","2026-06-16","DEFAULT","TRADING","BUY","STOCK","Planet Labs PBC","US72703X1063","21.0000000000","23.4000000000","-491.40","-1.00","","EUR","","","","Buy trade US72703X1063 PLANET LABS PBC A  -,0001, quantity: 21.0","d635b394-de72-432a-a2c3-3ba60540bc2e","","","",""
"2026-06-16T14:41:45.045Z","2026-06-16","DEFAULT","TRADING","BUY","STOCK","Planet Labs PBC","US72703X1063","0.3675210000","23.4000000000","-8.60","","","EUR","","","","Buy trade US72703X1063 PLANET LABS PBC A  -,0001, quantity: 0.367521","de1e2758-c269-400e-879f-06dd6fe153de","","","",""
"2026-06-16T14:57:11.663Z","2026-06-16","DEFAULT","TRADING","SELL","STOCK","Applied Materials","US0382221051","-0.8116920000","510.3000000000","414.21","","","EUR","","","","Sell trade US0382221051 APPLIED MATERIALS INC., quantity: 0.811692","33dabe8d-7109-4fc0-96a1-068b8013fa5d","","","",""
"2026-06-16T14:57:11.773Z","2026-06-16","DEFAULT","TRADING","SELL","STOCK","Applied Materials","US0382221051","-1.0000000000","510.3000000000","510.30","-1.00","","EUR","","","","Sell trade US0382221051 APPLIED MATERIALS INC., quantity: 1.0","c62d6471-5901-4578-9919-f556ff81c7b6","","","",""
"2026-06-16T15:01:36.940Z","2026-06-16","DEFAULT","TRADING","BUY","FUND","Core S&P 500 USD (Acc)","IE00B5BMR087","0.2141810000","700.3400000000","-150.00","","","EUR","","","","Savings plan execution IE00B5BMR087 iShares VII plc - iShares Core S&P 500 UCITS ETF USD (Acc), quantity: 0.214181","a2a0d126-8789-4ad3-b112-2b5539178779","","","",""
"2026-06-16T15:35:48.686Z","2026-06-16","DEFAULT","TRADING","BUY","STOCK","Nasdaq","US6311031081","2.6212310000","76.3000000000","-200.00","","","EUR","","","","Savings plan execution US6311031081 NASDAQ INC.       DL -,01, quantity: 2.621231","e22f5640-1138-4ff0-bd88-b7d70c284db6","","","",""
"2026-06-19T15:12:46.929477Z","2026-06-19","DEFAULT","CASH","INTEREST_PAYMENT","BOND","Juni 2032","USU05375AX59","","","2.070000","","","EUR","2.39","USD","0.864528","Interest Payment for ISIN USU05375AX59","019ee071-1151-74c9-bbb3-f78f850ee749","","","",""
"2026-06-22T15:53:29.800564Z","2026-06-22","DEFAULT","CASH","DIVIDEND","STOCK","Nitto Boseki","JP3684400009","8.7337900000","","3.970000","","","EUR","735.73","JPY","0.005396","Cash Dividend for ISIN JP3684400009","019ef009-6bc8-7a63-89a5-cea1a7d33291","","","",""
"2026-06-23T13:53:39.142Z","2026-06-23","DEFAULT","TRADING","BUY","STOCK","Alphabet (A)","US02079K3059","0.0820200000","304.8000000000","-25.00","","","EUR","","","","Savings plan execution US02079K3059 ALPHABET INC.CL.A DL-,001, quantity: 0.082020","d2c22749-4a82-428b-9d1e-4be42fc9afae","","","",""
"2026-06-23T14:18:55.886Z","2026-06-23","DEFAULT","TRADING","BUY","STOCK","Apple","US0378331005","0.0949480000","263.3000000000","-25.00","","","EUR","","","","Savings plan execution US0378331005 APPLE INC., quantity: 0.094948","956185d9-b62d-4e8b-bde7-932c4db65dda","","","",""
"2026-06-24T08:18:27.758434Z","2026-06-24","DEFAULT","CASH","DIVIDEND","STOCK","Leonardo-Finmeccanica","IT0003856405","27.5077930000","","17.330000","","-4.51","EUR","","","","Cash Dividend for ISIN IT0003856405","019ef8b5-8b2e-7d0e-83cc-f2240b41d9cd","","","",""
"2026-06-26T10:42:35.805017Z","2026-06-26","DEFAULT","CASH","DIVIDEND","STOCK","Nasdaq","US6311031081","10.3266770000","","2.820000","","-0.42","EUR","3.20","USD","0.881679","Cash Dividend for ISIN US6311031081","019f0386-389d-7548-8d75-533fff84b26e","","","",""
"2026-06-26T12:09:15.264Z","2026-06-26","DEFAULT","TRADING","SELL","STOCK","Argan","US04010E1091","-2.8571420000","641.5000000000","1832.86","-1.00","","EUR","","","","Sell trade US04010E1091 ARGAN INC.         DL-,15, quantity: 2.857142","b2531996-ebaa-45d3-b015-02ca292bb9b8","","","",""
"2026-07-01T15:25:14.893Z","2026-06-29","DEFAULT","CORPORATE_ACTION","SPLIT","STOCK","Nitto Boseki","JP3684400009","53.8030840000","","","","","","","","","SPLIT JP3684400009","f441b0c0-6409-3b64-a5b6-6bcea0e0ff0c","","","",""
"2026-06-30T09:55:14.001726Z","2026-06-30","DEFAULT","CASH","DIVIDEND","FUND","Dez. 2026","IE0007UPSEA3","233.9619110000","","10.830000","","","EUR","12.35","USD","0.876732","Cash Dividend for ISIN IE0007UPSEA3","019f17f4-4bd1-7acb-98c7-bce3d39c5694","","","",""
"2026-07-01T03:26:47.039036Z","2026-07-01","DEFAULT","CASH","INTEREST_PAYMENT","","","","","","3.240000","","","EUR","","","","Interest payment for payout collection 019f1b49-5f12-7249-8f50-4df11af0708b","019f1bb7-04ff-747b-b3e2-a0f4a57d991a","","","",""
"2026-07-01T08:12:38.813977Z","2026-07-01","DEFAULT","CASH","DIVIDEND","STOCK","Coca-Cola","US1912161007","5.1699210000","","2.400000","","-0.36","EUR","2.73","USD","0.877655","Cash Dividend for ISIN US1912161007","019f1cbc-bc1d-79ca-a22f-68e5346f242d","","","",""
"2026-07-02T14:02:58.364Z","2026-07-02","DEFAULT","TRADING","BUY","STOCK","Alphabet (A)","US02079K3059","0.0787020000","317.6500000000","-25.00","","","EUR","","","","Savings plan execution US02079K3059 ALPHABET INC.CL.A DL-,001, quantity: 0.078702","260d1778-01b2-4fa9-ace0-3b24d2b2686b","","","",""
"2026-07-02T15:40:30.234Z","2026-07-02","DEFAULT","TRADING","BUY","FUND","Core S&P 500 USD (Acc)","IE00B5BMR087","0.3530970000","708.0200000000","-250.00","","","EUR","","","","Savings plan execution IE00B5BMR087 iShares VII plc - iShares Core S&P 500 UCITS ETF USD (Acc), quantity: 0.353097","51135aa9-d792-41ad-98dc-34243db40743","","","",""
"2026-07-02T16:11:44.899Z","2026-07-02","DEFAULT","TRADING","BUY","STOCK","Apple","US0378331005","0.0939490000","266.1000000000","-25.00","","","EUR","","","","Savings plan execution US0378331005 APPLE INC., quantity: 0.093949","d5acef53-45b0-45f6-a831-900fbd89a3bb","","","",""
"2026-07-06T11:05:28.910122Z","2026-07-06","DEFAULT","CASH","VIBAN_TRANSFER_INBOUND","","PILLON ERIK","","","","750.000000","","","EUR","","","","Incoming transfer from PILLON ERIK (LU780019545510728000)","019f371a-c44e-75a1-9319-8d68527746c8","PILLON ERIK","LU780019545510728000","",""
"2026-07-09T13:49:42.442Z","2026-07-09","DEFAULT","TRADING","SELL","FUND","Core MSCI World USD (Acc)","IE00B4L5Y983","-1.8892870000","125.3900000000","236.90","-1.00","","EUR","","","","Sell trade IE00B4L5Y983 iShares III plc - iShares Core MSCI World UCITS ETF USD (Acc), quantity: 1.889287","dc4ec7b2-d521-4377-a3b7-105adce68777","","","",""
"2026-07-09T13:52:23.958Z","2026-07-09","DEFAULT","TRADING","BUY","STOCK","Alphabet (A)","US02079K3059","0.0801020000","312.1000000000","-25.00","","","EUR","","","","Savings plan execution US02079K3059 ALPHABET INC.CL.A DL-,001, quantity: 0.080102","ed7e75b6-f471-42bb-a560-25416e2487ae","","","",""
"2026-07-09T13:53:50.503Z","2026-07-09","DEFAULT","TRADING","BUY","STOCK","Fincantieri","IT0005599938","214.0000000000","11.6750000000","-2498.45","-1.00","-5.00","EUR","","","","Buy trade IT0005599938 FINCANTIERI SPA   O.N., quantity: 214.0","a57c0931-327c-4233-8d6e-059b676df9dd","","","",""
"2026-07-09T13:53:50.503Z","2026-07-09","DEFAULT","TRADING","BUY","STOCK","Fincantieri","IT0005599938","0.1327620000","11.6750000000","-1.55","","-0.01","EUR","","","","Buy trade IT0005599938 FINCANTIERI SPA   O.N., quantity: 0.132762","320ab9e0-1140-4e93-93c9-c3831d61591b","","","",""
"2026-07-09T14:09:45.239Z","2026-07-09","DEFAULT","TRADING","BUY","FUND","Core S&P 500 USD (Acc)","IE00B5BMR087","0.3537360000","706.7400000000","-250.00","","","EUR","","","","Savings plan execution IE00B5BMR087 iShares VII plc - iShares Core S&P 500 UCITS ETF USD (Acc), quantity: 0.353736","1b881ef8-6dfd-4f1b-ad78-02b950538a61","","","",""
"2026-07-09T14:21:14.357Z","2026-07-09","DEFAULT","TRADING","BUY","STOCK","Apple","US0378331005","0.0918770000","272.1000000000","-25.00","","","EUR","","","","Savings plan execution US0378331005 APPLE INC., quantity: 0.091877","b7cfc72b-0592-4b30-a446-a9d389d7b3f4","","","",""
"2026-07-16T13:56:35.246Z","2026-07-16","DEFAULT","TRADING","BUY","STOCK","Alphabet (A)","US02079K3059","0.0771240000","324.1500000000","-25.00","","","EUR","","","","Savings plan execution US02079K3059 ALPHABET INC.CL.A DL-,001, quantity: 0.077124","900fe8bb-4447-4764-a6f4-24f034a7ba8e","","","",""
"2026-07-16T14:26:11.369Z","2026-07-16","DEFAULT","TRADING","BUY","FUND","Core S&P 500 USD (Acc)","IE00B5BMR087","0.3514590000","711.3200000000","-250.00","","","EUR","","","","Savings plan execution IE00B5BMR087 iShares VII plc - iShares Core S&P 500 UCITS ETF USD (Acc), quantity: 0.351459","154e6361-dfc4-4d73-89d2-361a7562bae8","","","",""
"2026-07-16T14:33:19.685Z","2026-07-16","DEFAULT","TRADING","BUY","STOCK","Apple","US0378331005","0.0868650000","287.8000000000","-25.00","","","EUR","","","","Savings plan execution US0378331005 APPLE INC., quantity: 0.086865","4c2c6b34-855a-4670-9cc7-765923531729","","","",""
"2026-07-22T15:59:04.297Z","2026-07-22","DEFAULT","TRADING","SELL","STOCK","Apple","US0378331005","-5.9628040000","284.6000000000","1697.01","-1.00","","EUR","","","","Sell trade US0378331005 APPLE INC., quantity: 5.962804","a7186d4d-1651-4cd6-84cf-fd21a86eb223","","","",""
"2026-07-22T16:03:13.840Z","2026-07-22","DEFAULT","TRADING","BUY","STOCK","Leonardo-Finmeccanica","IT0003856405","19.0000000000","51.2800000000","-974.32","-1.00","-1.95","EUR","","","","Buy trade IT0003856405 LEONARDO S.P.A.   EO 4,40, quantity: 19.0","9b5844a5-4d52-4887-8bae-8fcf1a6f9c26","","","",""
"2026-07-22T16:03:13.840Z","2026-07-22","DEFAULT","TRADING","BUY","STOCK","Leonardo-Finmeccanica","IT0003856405","0.5007800000","51.2800000000","-25.68","","-0.10","EUR","","","","Buy trade IT0003856405 LEONARDO S.P.A.   EO 4,40, quantity: 0.50078","7fdd8957-a111-42c3-9f85-773b3dafddcf","","","",""
"2026-07-22T16:06:10.825Z","2026-07-22","DEFAULT","TRADING","BUY","STOCK","Fincantieri","IT0005599938","76.0000000000","13.0350000000","-990.66","-1.00","-1.98","EUR","","","","Buy trade IT0005599938 FINCANTIERI SPA   O.N., quantity: 76.0","c09be165-200d-4c1c-93c9-59dad8f17a96","","","",""
"2026-07-22T16:06:10.826Z","2026-07-22","DEFAULT","TRADING","BUY","STOCK","Fincantieri","IT0005599938","0.7165320000","13.0350000000","-9.34","","-0.04","EUR","","","","Buy trade IT0005599938 FINCANTIERI SPA   O.N., quantity: 0.716532","be6d6fec-c176-46c5-9365-12b21719be29","","","",""
"2026-07-23T11:58:57.839Z","2026-07-23","DEFAULT","TRADING","SELL","FUND","FTSE All-World USD (Acc)","IE00BK5BQT80","-14.7779880000","164.6600000000","2433.34","-1.00","","EUR","","","","Sell trade IE00BK5BQT80 Vanguard Funds PLC - Vanguard FTSE All-World UCITS ETF (USD) Accumulating, quantity: 14.777988","12630036-c185-4728-8e34-f7783da940b4","","","",""
"2026-07-23T12:04:04.981Z","2026-07-23","DEFAULT","TRADING","BUY","BOND","Mai 2030","US91282CNG23","1100.0000000000","0.8672820000","-960.04","-1.00","","EUR","","","","Buy trade US91282CNG23 US TREASURY N/B, quantity: 1100","a6d13cbd-c599-455c-a383-8daf1831f1bb","","","",""
"2026-07-23T12:04:04.989Z","2026-07-23","DEFAULT","TRADING","BUY","BOND","Mai 2030","US91282CNG23","45.7800000000","0.8672820000","-39.96","","","EUR","","","","Buy trade US91282CNG23 US TREASURY N/B, quantity: 45.78","f13431d3-631d-4e10-8f7b-af60c0690ce3","","","",""
"2026-07-23T12:07:29.597Z","2026-07-23","DEFAULT","TRADING","BUY","BOND","Feb. 2027","US594918BY93","842.2300000000","0.8767040000","-750.00","-1.00","","EUR","","","","Buy trade US594918BY93 MICROSOFT CORP, quantity: 842.23","070740f0-59db-41c8-9cdd-7510cd972207","","","",""
"2026-07-23T14:11:28.659Z","2026-07-23","DEFAULT","TRADING","BUY","FUND","Core S&P 500 USD (Acc)","IE00B5BMR087","0.3556590000","702.9200000000","-250.00","","","EUR","","","","Savings plan execution IE00B5BMR087 iShares VII plc - iShares Core S&P 500 UCITS ETF USD (Acc), quantity: 0.355659","91d5b09c-723b-4550-a02d-b778f91ea38f","","","",""
"2026-07-31T09:13:55.426113Z","2026-07-31","DEFAULT","CASH","INTEREST_PAYMENT","BOND","Juli 2030","XS2648489388","","","17.600000","","","EUR","","","","Interest Payment for ISIN XS2648489388","019fb773-9de2-73b2-a2c8-e4c6eeb00ca8","","","",""
"2026-08-01T03:41:07.316349Z","2026-08-01","DEFAULT","CASH","INTEREST_PAYMENT","","","","","","3.810000","","","EUR","","","","Interest payment for payout collection 019fbaef-e246-7994-ab4a-7863074733d5","019fbb69-4974-75dd-acfc-a19b93d6b20e","","","",""
"2026-08-03T13:56:52.670Z","2026-08-03","DEFAULT","TRADING","BUY","STOCK","Alphabet (A)","US02079K3059","0.3079760000","324.7000000000","-100.00","","","EUR","","","","Savings plan execution US02079K3059 ALPHABET INC.CL.A DL-,001, quantity: 0.307976","8bb1dc43-d288-444d-a838-2669099d880f","","","",""
"2026-08-03T15:10:26.203Z","2026-08-03","DEFAULT","TRADING","BUY","FUND","Core S&P 500 USD (Acc)","IE00B5BMR087","0.3538160000","706.5800000000","-250.00","","","EUR","","","","Savings plan execution IE00B5BMR087 iShares VII plc - iShares Core S&P 500 UCITS ETF USD (Acc), quantity: 0.353816","d91805bd-ddae-4887-a137-67d44cc9692d","","","",""
"2026-08-03T16:52:20.317Z","2026-08-03","DEFAULT","TRADING","BUY","STOCK","Coca-Cola","US1912161007","0.3305120000","75.6400000000","-25.00","","","EUR","","","","Savings plan execution US1912161007 COCA-COLA CO. DL-,25, quantity: 0.330512","4e08c55b-e91a-416c-9e50-52bc6189731c","","","",""
"2026-08-04T09:42:17.603183Z","2026-08-04","DEFAULT","CASH","VIBAN_TRANSFER_INBOUND","","PILLON ERIK","","","","750.000000","","","EUR","","","","Incoming transfer from PILLON ERIK (LU780019545510728000)","019fcc27-0703-7ea6-8a87-fc8248fd9242","PILLON ERIK","LU780019545510728000","",""
"2026-08-06T15:04:15.894325Z","2026-08-06","DEFAULT","CASH","INTEREST_PAYMENT","BOND","Feb. 2027","US594918BY93","","","12.030000","","","EUR","13.90","USD","0.865501","Interest Payment for ISIN US594918BY93","019fd79a-8516-7dae-8ef2-c543c4c5fa8b","","","",""
"2026-08-10T13:58:42.487Z","2026-08-10","DEFAULT","TRADING","BUY","STOCK","Alphabet (A)","US02079K3059","0.3263170000","306.4500000000","-100.00","","","EUR","","","","Savings plan execution US02079K3059 ALPHABET INC.CL.A DL-,001, quantity: 0.326317","701ab479-02c2-489c-8106-eaaec6756223","","","",""
"2026-08-10T14:13:33.264Z","2026-08-10","DEFAULT","TRADING","BUY","FUND","Core S&P 500 USD (Acc)","IE00B5BMR087","0.3451790000","724.2600000000","-250.00","","","EUR","","","","Savings plan execution IE00B5BMR087 iShares VII plc - iShares Core S&P 500 UCITS ETF USD (Acc), quantity: 0.345179","a66418cd-f0c2-485f-9fd7-fa969cd7c865","","","",""
"2026-08-10T14:37:26.583Z","2026-08-10","DEFAULT","TRADING","BUY","STOCK","Coca-Cola","US1912161007","0.3319170000","75.3200000000","-25.00","","","EUR","","","","Savings plan execution US1912161007 COCA-COLA CO. DL-,25, quantity: 0.331917","ca0a0c78-02aa-4056-ab69-48a083e47962","","","",""
"2026-08-11T10:29:37.040Z","2026-08-11","DEFAULT","TRADING","SELL","STOCK","Brinker International","US1096411004","-3.6496350000","194.3000000000","709.12","-1.00","","EUR","","","","Sell trade US1096411004 BRINKER INTERNATIONAL INC., quantity: 3.649635","ca8b85a9-f219-46a2-b7c6-e4c4292029d8","","","",""
"2026-08-14T10:10:31.785648Z","2026-08-14","DEFAULT","CASH","INTEREST_PAYMENT","BOND","Aug. 2029","XS2800678224","","","17.690000","","","EUR","","","","Interest Payment for ISIN XS2800678224","019fffc0-78e9-7495-8930-7f8cd425c5f3","","","",""
"2026-08-17T09:18:01.923Z","2026-08-17","DEFAULT","TRADING","SELL","STOCK","Nasdaq","US6311031081","-12.9479080000","83.2000000000","1077.27","-1.00","","EUR","","","","Sell trade US6311031081 NASDAQ INC.       DL -,01, quantity: 12.947908","433b400d-ff3b-4192-a83e-7f0d0f23b976","","","",""
"2026-08-17T09:18:45.070Z","2026-08-17","DEFAULT","TRADING","SELL","FUND","Core S&P 500 USD (Acc)","IE00B5BMR087","-4.1430740000","724.1000000000","3000.00","-1.00","","EUR","","","","Sell trade IE00B5BMR087 iShares VII plc - iShares Core S&P 500 UCITS ETF USD (Acc), quantity: 4.143074","91e7c4e3-6e12-4200-9b28-de450379e60f","","","",""
"2026-08-17T09:28:28.549Z","2026-08-17","DEFAULT","TRADING","BUY","STOCK","Nitto Boseki","JP3684400009","53.4759350000","18.7000000000","-1000.00","-1.00","","EUR","","","","Buy trade JP3684400009 NITTO BOSEKI CO LTD, quantity: 53.475935","71a2b346-98bd-4562-b669-62101a050241","","","",""
"2026-08-17T09:31:23.736Z","2026-08-17","DEFAULT","TRADING","SELL","STOCK","Applied Optoelectronics","US03823U1025","-5.9523800000","132.2600000000","787.26","-1.00","","EUR","","","","Sell trade US03823U1025 APPLIED OPTOELECTRONICS INC., quantity: 5.95238","7ab5fd76-4988-488c-9bf2-38a65cbb4c06","","","",""
"2026-08-17T09:46:40.036Z","2026-08-17","DEFAULT","TRADING","BUY","STOCK","SpaceX","US84615Q1031","8.1819660000","122.2200000000","-1000.00","-1.00","","EUR","","","","Buy trade US84615Q1031 SPACE EXPL.TECHS. CL.A, quantity: 8.181966","eb9195e0-a90c-4713-9e01-697ac9ac4ba4","","","",""
"2026-08-17T13:04:52.976515Z","2026-08-17","DEFAULT","CASH","INTEREST_PAYMENT","BOND","Aug. 2040","US912810SQ22","","","0.440000","","","EUR","0.51","USD","0.864528","Interest Payment for ISIN US912810SQ22","01a00fd3-2cf0-754d-acfe-b0b6f767d922","","","",""
"2026-08-17T14:02:05.824Z","2026-08-17","DEFAULT","TRADING","BUY","STOCK","Alphabet (A)","US02079K3059","0.3363040000","297.3500000000","-100.00","","","EUR","","","","Savings plan execution US02079K3059 ALPHABET INC.CL.A DL-,001, quantity: 0.336304","e162463b-2664-44af-8cb3-f77a0a605add","","","",""
"2026-08-17T14:34:12.711Z","2026-08-17","DEFAULT","TRADING","BUY","FUND","Core S&P 500 USD (Acc)","IE00B5BMR087","0.3459530000","722.6400000000","-250.00","","","EUR","","","","Savings plan execution IE00B5BMR087 iShares VII plc - iShares Core S&P 500 UCITS ETF USD (Acc), quantity: 0.345953","306188b2-94c1-44f0-a1d0-a53ab6cb8194","","","",""
"2026-08-17T15:13:42.440Z","2026-08-17","DEFAULT","TRADING","BUY","STOCK","Coca-Cola","US1912161007","0.3299020000","75.7800000000","-25.00","","","EUR","","","","Savings plan execution US1912161007 COCA-COLA CO. DL-,25, quantity: 0.329902","9da1df3d-d4b3-47e8-b895-f93b1ea19ca6","","","",""
